Damen Service Alimentaire (Division Ferro Poisson),,
Price Lists,,
,,
Item No.,Description,Regular CAD
#1TAKEOUT,#1 TAKEOUT KRAFT BOX (200UN),26.9500 
#8TAKEOUT,#8 TAKEOUT KRAFT BOX (200UN),35.9500 
(DO NOT USE) FLT-004,FROZEN HALIBUT PORTIONS QC MARQUISE,0.0000 
(DO NOT USE) OBC-033F,ARCTIC CHAR - FRESH - FILLETS (10 LB/CS),0.0000 
0001-MSG,MESSAGE,0.0000 
1102,KW1-1102 / RECTANGULAR CLEAR PLASTIC SUSHI CONTAINERS / 400UN,72.0000 
1103,KW1-1103 / RECTANGULAR CLEAR PLASTIC SUSHI CONTAINERS / 400UN,70.0500 
1105,KW1-1105 / RECTANGULAR CLEAR PLASTIC SUSHI CONTAINERS / 400UN,82.5000 
1107,KW1-1107 / RECTANGULAR CLEAR PLASTIC SUSHI CONTAINERS / 400UN,84.5000 
1109,KW1-1109 / RECTANGULAR CLEAR PLASTIC SUSHI CONTAINERS / 400UN,102.0000 
1111,KW1-1111 / RECTANGULAR CLEAR PLASTIC SUSHI CONTAINERS / 200UN,85.5000 
1200FF,(4570) DARK RED NORLAND 7/16,40.0500 
16OZBROWN,16 OZ BROWN RIPPLE PAPER CUPS / 5 X 100UN,72.9000 
16OZWHITECUPS,16 OZ TASSE PAPIER BLANC / WHITE PAPER CUPS / 20X50UN,90.7000 
2106,SM1-2106 / 9 INCH ROUND CLEAR PLASTIC SUSHI TRAY / 100UN,78.0500 
2108,SM1-2108 / 11 INCH ROUND CLEAR PLASTIC SUSHI TRAY / 100UN,91.2000 
2109,SM1-2109 / 13 INCH ROUND CLEAR PLASTIC SUSHI TRAY / 100UN,97.5000 
2110,SM1-2110 / 15 INCH ROUND CLEAR PLASTIC SUSHI TRAY / 100UN,127.6500 
24OZDELI,24 OZ DELI CONTAINER WITH LIDS / 240UN,35.0500 
3114,KW1-3114 / RECTANGULAR CLEAR PLASTIC SUSHI CONTAINERS / 200UN,121.4500 
32KRAFTB,KRAFT REGULAR 34 OZ  (946 ML) BOWL (300 UNITS),46.9500 
3BERRYMIX,FROZEN 3 WAY BERRY MIX (5 X 1KG),37.1000 
3WAYMXPCS,FROZEN 3 WAY MIX FRUITS (1KG),11.5000 
7/16 FRESHCUT,CAVENDISH - 7/16 SKIN SEA SALT,46.5000 
7/16DARKRED,(4570) DARK RED NORLAND 7/16 FRENCH FRIES,45.0500 
7/16RED,GEMME - FRESH 7/16 FRIES (10KG),10.7500 
7UPCAN,7UP - SODA 32X355ML (ECOFEE 0.64 INCLUDED),21.6000 
7UPCAN0,7UP ZERO 32X355ML (ECOFRAIS 0.64 INCLUS),21.6000 
8.25X4.75PAPERBAG,8.25X4.75X10.5 KRAFT PAPER BAGS WITH HANDLE (250UN),41.2500 
ACAIPOW,ORGANIC ACAI POWDER / 1KG,149.8500 
ACHIOTE,CONDIMENT ANNATTO PASTE (12X100G),27.7500 
ACIDC,CITRIC ACID POWDER / 5KG,39.9500 
ACORN,BOX SQUASH ACORN,42.2000 
ADD,PRICE DIFFERENCE,0.0000 
ADOB,SAN MARCOS - CHIPOTLE IN ADOBO SAUCE 6X2.84L,107.9000 
AGL-004,HADDOCK BREADED - 3OZ -10LBS - IQF,63.4500 
AGL-005,HADDOCK BREADED - 3OZ -12LBS - IQF,83.9000 
AGL-006,HADDOCK LOIN 4OZ -15LBS - IQF J&F,89.9000 
AGL-008,HADDOCK LOIN 6OZ - 10LBS - IQF,90.9500 
AGL-010,HADDOCK LOINS SKIN OFF 4OZ (1X10LBS) HIGHLINER,124.9000 
AGL-010F,FRESH HADDOCK FILLET - 1 X 10 LBS,199.3500 
AGL-011,HADDOCK LOIN 5OZ - IQF - 1 X 10 LBS - BLUE TIDE - CHINA,108.9000 
AGL-012,HADDOCK FILLET 6OZ - IQF- (1 X 10LBS),90.9500 
AGN-007,Epaule agneau sans os,9.5500 
AKAWI10KG,AKAWIE CHEESE 10KG,202.8500 
ALFALFA,ALFALFA REGULAR (CASE),21.9500 
ALFALFAPCS,(PACK) ALFALFA REGULAR (LUZERNE),2.5000 
ALFASNOW,SHOOTS SNOWPEAS (CASE),22.5000 
ALFSNOWPCS,PACK SHOOTS SNOWPEAS,3.1500 
ALMONDBUT,ALMOND BUTTER / 765G,15.4500 
ALMONDMIL,SILK - ALMOND MILK 1.89L,7.5000 
ALMONDPCKPCS,POCKY ALMOND 10X41G,31.1000 
ALMONDRAW,RAW ALMONDS (3KG),38.9500 
ALMONDSLICED,SLICED ALMONDS 1KG,24.9500 
ALMP,PEELED ALMOND (12X200G),45.9500 
ALPHABET,PASTA ALPHABET (9.07 KG),29.9500 
ALTOFF,7/16 QUALIFRESH,31.3500 
ALUMFOIL30,ALUMINIUM FOIL 30CMX200M,28.0000 
ALUMFOIL45,ALUMINIUM FOIL 45CMX100M,25.9500 
ALUMI14X14,INSULATED ALUMINIUM SHEET 14X14 ( 2 X 1000 UN),91.9000 
ALUMIINSUL,INSULATED ALUMINIUM SHEET 12X 12 (2 X 1000UN),74.9500 
ALVEG,ALFA - VEGETABLE OIL / 16L,45.4500 
AMARMICRO,(50G) PACK MICRO AMARANTHE,13.7500 
ANC-001,ANCHOVY - FROZEN - (389 GRANS/UNIT) - (12 UNITS/CS),8.8000 
ANC-002,ANCHOVY FILLETS IN OIL- (1X 43 GRS),0.0000 
ANC-003,PICKLED WHITE ANCHOVY FILLETS - (6X1 KG)-ITALY,0.0000 
ANCHODRIED,DRIED CHILI ANCHO 5LBS,74.9500 
ANCHOPAST,ANCHOVY PASTE (56G),5.8500 
ANCHOV,ALLESSIA - ANCHOVIES 560 G / 560 G,19.7500 
ANCHOVIES,ANCHOVIES IN JAR (6 X 560G),105.9000 
ANG-001,Anguille unagi 14oz - (2x11lbs),292.7500 
ANGOAROM,ANGOSTURA - AROMATIC BITTERS (200ML),13.9500 
APER,APERO TOMATO FRESH 12X250G,55.2000 
APPCOMPO,APPLE INDIVIDUAL COMPOTE (72 X 113GR),33.0000 
APPCOURT,CORTLAND APPLES (30LBS),34.9500 
APPCOURTHALF,( HALF / DEMI ) POMME CORTLAND APPLE,17.7500 
APPEACOMP,APPLE / PEACH INDIVIDUAL COMPOTE (72 X 113GR),33.0000 
APPEMPIRE,QC APPLE *EMPIRE*,39.9000 
APPEMPIREHALF,HALF QC APPLE *EMPIRE*,19.9500 
APPEMPIREPCS,PCS EMPIRE APPLE,0.5500 
APPFUJI,FUJI APPLE - POMME FUJI,62.9500 
APPGOLD,YELLOW DELICIOUS APPLE (APPROX 100UN),78.6500 
APPGOLDHALF,HALF YELLOW DELICIOUS APPLE (APPROX 100UN),35.2000 
APPGOLDPCS,PCS YELLOW DELICIOUS APPLES,0.8500 
APPGR,GREEN APPLE - GRANNY SMITH ( 100 TO 113 PCS ),64.9500 
APPGRHALF,( HALF CASE ) GREEN APPLE GRANNY SMITH / ( APPROX 50 PCS ),33.4000 
APPGRPCS,( PCS ) GREEN APPLE,0.8500 
APPLEHONEY,APPLE HONEYCRISP/ POMME HONEYCRISP,115.5000 
APPLOBO,QC APPLE *LOBO*,32.6500 
APPMC120,Pomme CLASSEE MC 125 QC,41.7000 
APPMINISM,SMALL BOX MINI APPLE QC,15.9500 
APPQC,MCINTOSH APPLES (30LBS),34.7500 
APPQCHALF,( HALF / DEMI ) POMME MCINTOSH APPLE,19.5000 
APPQCPCS,PCS QUEBEC APPLES MCINTOSH,0.6500 
APPRED,APPLES RED DELICIOUS ROUGE POMME BOX,55.4500 
APPREDHALF,( HALF / DEMI ) APPLES RED DELICIOUS = APPROX 50 UNITS,28.0000 
APPREDPCS,PCS APPLES RED DELICIOUS,0.7500 
APPRGAL,APPLES ROYAL GALA POMME,78.6500 
APPRGALHALF,HALF APPLES ROYAL GALA POMME,31.6000 
APPRGALPCS,PCS APPLES ROYAL GALA,0.8500 
APPSPARTAN,QC APPLE *SPARTAN*,32.6500 
APRIC2,DRIED APRICOTS / 1KG,22.5500 
APRICOTCAN,APRICOTS IN CAN (6 X 2.65L),89.9000 
APRIFRESH,APRICOT FRESH BOX,0.0000 
ARBOL,DRIED CHILE ARBOL 5LBS,36.7000 
ARCTJOUR,ARCTIC GARDENS - MIXED VEGETABLE DAY (6 X 2KG),55.9000 
AROYDCOCO12,AROYD - COCONUT MILK / 12 X 1L,56.9500 
AROYDLYCHEE,LYCHEE IN SYRUP (24X540ML),64.9500 
ART,FRESH ARTICHOKES (30UN) (CASE),63.9000 
ASP,ASPARAGUS LARGE ( 11 PCS - BOX ),88.0000 
ASPI,BROCCOLINI (CASE),49.9000 
ASPJUMBO,ASPARAGUS *JUMBO* (11UN),88.0000 
ASPPCS,( PCS ) ASPARAGUS,9.5000 
ASPWHITE,ASPERGE BLANC BOX,137.5500 
ASSVEGE,VEGETABLE SEASONING (625G),15.1000 
AVOCAFROZENBOX,FROZEN AVOCADO CHUNKS (5X1KG),43.7000 
AVOCAFROZENUN,FROZEN AVOCADO CHUNKS (1KG),9.7500 
AVOCOL14,*DO NOT USE*,38.5000 
AVOCPCS,PCS GREEN AVOCADOS (FROM SIZE 14),3.0500 
AVOTR14,TURN**** AVOCADO / SIZE 14 (4KG),31.9500 
AVOTRN20,TURN**** AVOCADO / SIZE 20 (4KG),25.4500 
AVOTRP48,TURN**** AVOCADO / SIZE 48 (11KG),59.9000 
BABYARUG,CLAMSHELL BABY ARAGULA (2LBS),16.5000 
BABYARUGMINI,(100GR) PACK MINI ROQUETTE,12.8500 
BABYBOK,BABY BOCK CHOY (30LBS),42.9500 
BABYBOKHALF,( HALF / DEMI ) BABY BOCKCHOY,26.5000 
BABYBOKLBS,LBS BABY BOCK CHOY,1.8000 
BABYSPI,BAG BABY SPINACH (2LBS),7.7500 
BABYSPIBOX,BABY SPINACH (5X2LBS),32.9500 
BAC,MILK CRATE,3.0000 
BAG9.8,9.8 X6X16 / BROWN PAPER BAG / 500UN,44.7000 
BAGBLK2224,BLACK GARBAGE BAGS 22X24 (500UN),25.7500 
BAGBLK2636,BLACK GARBAGE BAG 26X36 200UNIT,21.9500 
BAGBLK3550,EXTRA STRONG BLACK GARBAGE BAGS 35X50 (100UN),21.9500 
BAGBLK4248,BLACK GARBAGE BAGS 42X48 (100UN),28.0000 
BAGCL2224,CLEAR KITCHEN BAGS 22X24 (500UN),28.9500 
BAGCL3550,CLEAR GARBAGE BAGS 35X50 (100UN),42.5000 
BAGCLS2,S2 CLEAR PLASTIC BAGS (1000UN),36.1000 
BAGCLS5,S5 CLEAR PLASTIC BAGS (1000UN),55.4000 
BAGKIRK37,WHITE GARBAGE BAGS 37L (320UN),26.5500 
BAGP1,1LB KRAFT PAPER BAGS (1000UN),31.1000 
BAGP12,12LBS KRAFT PAPER BAGS (500UN),21.9500 
BAGP12X7,#65 12X7X17 KRAFT PAPER BAGS (500UN),55.9000 
BAGP14,14LBS KRAFT PAPER BAGS (500UN),26.9500 
BAGP2,2LBS BROWN PAPER BAGS (500UN),15.9500 
BAGP20,20LBS KRAFT PAPER BAGS (500UN),32.5000 
BAGP5,5LBS KRAFT PAPER BAGS (500UN),14.9500 
BAGP8,8LBS KRAFT PAPER BAGS (500UN),23.8000 
BAGPH10X5,10X5X13 KRAFT PAPER BAGS WITH HANDLE (250UN),35.0500 
BAGPH13X7,13X7X13 KRAFT PAPER BAGS WITH HANDLE (250UN),42.0500 
BAGROLL,FRUIT PLASTIC BAG ROLLS 10.5''X15'' (2UN),32.0500 
BAGUETTINES,FROZEN DEMI-BAGUETTES 20UN (3KG),17.7500 
BAGVACSEAL,SEALING BAGS 12/18 (100UN),31.5500 
BAKE100,POTATO BAKERS 100 COUNT,23.9500 
BAKE40,BAKER 40 - PATATE BAKER 40 USA,25.0000 
BAKE50,POTATO BAKERS 50 COUNT,38.9500 
BAKE60,POTATO BAKERS 60 COUNT,38.9500 
BAKE70,POTATO BAKERS 70 COUNT,34.9500 
BAKE80,POTATO BAKERS 80 COUNT,23.0000 
BAKEPOW,MAGIC - BAKING POWDER (2.5KG),39.9500 
BAKESODA,A & H - BAKING SODA (2KG),6.7500 
BAKROS,ADM BAKERS ROSES - ALL PURPOSE FLOUR (20KG),20.7000 
BALPANKO,BALITOV - KIKKOMAN PANKO BREAD CRUMBS 9KG,38.9500 
BALSAGLAZE,BALSAMIC GLAZE / 380ML,13.7500 
BAMBOOUNIT,BAMBOO SHOOT BIG TIP UNIT (1 KG),8.0000 
BAMBSHOOT,BAMBOO SHOOT TIP (15 X 1KG),87.9500 
BAMBSKEWTW,BAMBOO SKEWERS TWISTED 4 INCH (10X100UN),45.2500 
BANDERITA,LA BANDERITA - TORTILLA YELLOW CORN 6 INCH,59.9500 
BANDOLE,BANANA *DOLE* TURN,38.9500 
BANDOLEGREEN,BANANA *DOLE* GREEN,38.9500 
BANDOLEGREENHALF,HALF BANANA *DOLE* GREEN,19.9500 
BANGREEN,BANANA GREEN,33.9500 
BANGREENHALF,( HALF / DEMI ) GREEN BANANA / BANANE VERTE,16.9500 
BANGREENPCS,PCS GREEN BANANA,0.6500 
BANHBAO,BANH BAO - STEAMED BUNS CAKE BOX (50 X 397G),114.9000 
BANPCS,PCS TURN BANANA,0.6500 
BANTURN,BANANA TURN,33.9500 
BANTURNHALF,( HALF / DEMI ) HALF RIPE BANANA / BANANE TOURNEE,16.9500 
BANYELDOL,BANANA *DOLE* YELLOW,38.9500 
BANYELDOLHALF,HALF BANANA *DOLE* YELLOW,19.9500 
BANYELLOW,BANANA YELLOW,33.9500 
BANYELLOWHALF,( HALF / DEMI ) YELLOW BANANA / BANANE JAUNE,16.9500 
BANYELLOWPCS,PCS YELLOW BANANA,0.6500 
BAPLAST,BABY ARUGULA CLAMSHELL,16.9500 
BAR38,BARIL - FRESH POTATO FRIES 3/8 10KG,12.2000 
BARBBURGER,(838) BARBIES 3.5 BURGER BUN,52.5500 
BARBCHEESE,MCCAIN VALLEYFARM CHEESE STICKS,38.0000 
BARBFF,(4432)TATERCHEF 3/8 BATTERED,38.0500 
BARBJACK,(834) BARBIES JACK WHITE LOAF,60.6500 
BARBJACKBLE,(835) BARBIES JACK BLE ENTIER,60.6500 
BARBMOZZ,MCCAIN VALLEYFARM - MOZZARELLA STICKS (2KG),38.0000 
BARBROLLS,(837) BARBIES DINNER ROLLS,36.1000 
BARBSAV,(2453) MCCAIN SAVORY WEDGES,55.9000 
BARBSW,(497393)MCCAIN SWEET PLANK FRIES,41.5000 
BARBTOAST,(836) BARBIES FRENCH TOAST LOAF,63.7500 
BARBWINGS,(18732) BARBIES CHICKEN WINGS *EXCELDOR* 4KG,0.0000 
BARCUB,BARIL - FRESH POTATO CUBES / 10KG,12.7500 
BARICS,SAPUTO - BARI MOZZARELLA CHEESE 20% BLOC (10X2.4KG),335.6500 
BARIRO,BARIL - FRESH WHOLE PEELED ROUND POTATO / 10KG,14.5000 
BARSLI,BARIL - FRESH POTATO SLICED / 10KG,11.5000 
BAS-003,BASA FILLET 5OZ - 1 X 10lbs- BLUETIDE,29.9500 
BAS-004,BASA FILLET - FROZEN - 4OZ - (1X10LBS)/CS - 10LBS/CS,0.0000 
BAS-005,BASA FiILLETS - 8oz - (1X10lbs) FJOR,36.9500 
BAS-006,BASA FILLET - FROZEN - 8/10OZ - 24LBS/CS,0.0000 
BAS-007,BASA FILLET - FROZEN - 8/12OZ - 20LBS/CS,84.9000 
BAS-008,BASA FILLET - FROZEN - 8UP - (6 X 4LBS)  TROPICAL,69.9500 
BAS-010,Basa Fillet - 16/20 oz -1 X 30lbs - M/H trading -Ind,68.9000 
BAS-012,BASA FILLETS 18UP (6X4LBS),67.9000 
BASA,BASA FILLETS (30LBS),60.2000 
BASEPOUL20,ROSE HILL - CHICKEN SOUP BASE (20KG),119.9000 
BASIL,BOX BASILIC 1/2 KG,17.2000 
BASILCELLO12,FRESH BASIL CELLO (12 PACKS),30.7000 
BASILCELLOPCS,( PACK ) FRESH BASIL CELLO,2.7500 
BASILKGL,BOX BASIL 1 KG LOOSE,27.2000 
BASILOTT,1 KILO BASILIC BUNCHES (FOR OTTAVIO),28.0000 
BASILPCS,BUNCH FRESH BASIL,1.0000 
BASILRAP,SHREDDED BASIL 1KG,25.9500 
BASILTHAI,1 PACK THAI BASIL 500G,20.4500 
BASILTONI,1 KILO BASIL LOOSE FOR PIZZA TONI,24.4500 
BASMA18,BASMATI RICE 18.4KG,45.9500 
BASMATI,BASMATI RICE 6KG,18.0000 
BASMKUB,KUBBA - BASMATI RICE SUPER / 20X907G,71.9500 
BATFF,QUALIFRESH JULIENNE POTATOES,38.9500 
BAVETAAA,BAVETTE STEAK AAA (KG),32.5000 
BAYLEAVES,BAY LEAVES (250G),12.0000 
BB1L,PICKLES IN JAR/ BREAD AND BUTTER (12X1L),49.9500 
BBCERISE,BULLE BLEUE CERISE 4X3.1KG,87.9500 
BBEGGPLANT,BABY EGGPLANT 100G,12.7500 
BBFRAMBOISE,BULLE BLEUE - FRAMBOISE BLEUE 4 X 3.1KG,87.9500 
BBLIME,BULLE BLEUE LIME 4X3.1KG,87.9500 
BBLKIWI,BULLE BLEU KIWI 4X3.1KG,87.9500 
BBLMELOND,BULLE BLEU MELON-D'EAU 4X3.1 KG,87.9500 
BBLVANIL,BULLE BLEU VANILLE 4X3.1 KG,87.9500 
BBMANGO,BULLE BLEUE MANGUE 4X3.1KG BOX,87.9500 
BBQBR,QUALIFRESH CUBES,34.5000 
BBQFF,RED 7/16 QUALIFRESH FRIES,34.5000 
BBQKRAFT3.78,KRAFT - BBQ SAUCE (2 X 3.78L),52.9000 
BBQSAUC18,ROSE HILL - BBQ SAUCE (18KG),139.8500 
BBSTRAW,BULLE BLEUE FRAISE 4X3.1KG BOX,87.9500 
BCHUCK,BEEF SHOULDER (KG),15.9500 
BCK-014,BLACK COD - 8 OZ - SKIN ON - IVP - (1 X 10 LBS) - USA - SINBAD,197.8500 
BEACHMUSH,HONEY BEACH MUSHROOMS SHIMEJI WHITE,63.4500 
BEACHMUSHBROWN,HONEY BEACH MUSHROOMS SHIMEJI BROWN,57.7000 
BEANSFAVA,FAVA BEANS BOX,55.9500 
BEANSLONG,PCS BUNCH LONG BEANS,6.5000 
BEANSRED,RED BEANS BAG / 10KG ,29.7500 
BEANTHRDLONGKOU,LONGKOU BEAN THREAD VERMICELLE  50X500G (LIQUIDATION),69.9500 
BEEF20,TOTAL BEEF- SHORTENING FOR FRYING / 20 KG,76.4000 
BEEFBONE,BEEF BONES (KG),4.2500 
BEEFCUBE,BEEF CUBES - KG,20.0000 
BEEFGRND,GROUND BEEF FRESH 5KG,64.9000 
BEEFINSIDED,DENUDED BEEF INSIDE / KG,22.5000 
BEEFSB,BERTHELET - BEEF SOUPE BASE / 5KG,53.9500 
BEEFSHOUL,BEEF SHOULDER BONEOFF / KG,16.2500 
BEEFTONGUE,BEEF TONGUE (KG),19.9500 
BEEFVEGDUMP,BIBIGO MANDU BEEF & VEGETABLE DUMPLINGS / 12 BAGS,160.7500 
BEETS,RED BEETS (25LBS),28.4500 
BEETSHALF,( HALF / DEMI ) RED BEETS / BETTERAVE ROUGE  =12.5LBS,14.5000 
BEETSLBS,LBS RED BEETS,1.5500 
BEETSLICE,SLICED BEETS IN CANS (2.84L),13.0000 
BEETSVAC,COOKED BEETS VACUUM (12X398ML),28.0000 
BEETSYEL,YELLOW BEETS (25LBS),54.9000 
BEETSYELLBS,LBS YELLOW BEETS,2.5000 
BELCO,BELCOLADE - CHOCOLAT PASTILLE 55%  (5 KG),124.9000 
BELCOBLANC,BLANC BELCOLADE - CHOCOLAT PASTILLE (5 KG),124.9000 
BELJT,BELVARIO - TOMATO JUICE (6 X 2.84L),35.5000 
BELLCON,BELL ORTO - TOMATE BROYEE CONCENTREE / 6 X 2.84L,68.2000 
BELLPUR,BELL ORTO - CRUSHED TOMATO / 6 X 2.84L,69.9500 
BELVABROY,BELVARIO - CRUSHED TOMATO (6 X 2.84L),42.9500 
BELVADES,BELVARIO - DICED TOMATO (6 X 2.84L),40.9500 
BELVAPATE,BELVARIO - TOMATO PASTE (6 X 2.84L),56.9500 
BERTHELETBBQMIX,BERTHELET - BBQ SAUCE MIX (18-21KG),188.8000 
BETELLEAV, BETEL LEAVES 100G,4.5000 
BETTE,BETTE A CARDE GREEN (24UN),48.9500 
BEURRENON25,UNSALTED BUTTER / 25KG,319.7000 
BEURREPORT,PORTION BUTTER (300 X 5.5GR),35.4500 
BEYONDBURGER,BEYOND MEAT BURGER / 40UN,111.6500 
BFIRON,BEEF FLAT IRON (KG),18.9500 
BIFTEQUE,THE KEG- STEAK SPICE / 1.1KG,11.4500 
BIRFORKS,BIRCH FORKS (1000UN),20.0000 
BIRKNIFE,BIRCH KNIFES (1000UN),20.9900 
BIRSPOON,BIRCH SPOON (X1000UN),20.0000 
BIRSPOONWR,BIRCH SPOON INDIVIDUALLY WRAPPED (500UN),27.5500 
BIRTRIOWR,BIRCH CUTLERY TRIO WRAPPED (250UN),21.9500 
BIRYANI,BOMBAY BIRYANI / 144 X 60 G,269.7500 
BISCUITSODA,ZESTA - SODA CRACKER BIG BOX (500X2X6GR),24.5500 
BITTCARDA,BITTERS CARDAMOME 118ML,29.9500 
BITTERCUC,BITTERS CUCUMBER 4OZ,31.5500 
BITTERS,JAPANESE BITTERS- SHISO 100ML,35.0500 
BITTERSRHB,BITTERS RHUBARBE - FEE BROTHERS,17.5500 
BITTLIMELEAF,BITTERS LIME LEAF (118ML),30.1000 
BITTOR,BITTERS ORANGE- 5OZ,18.9500 
BITTORANGE,ANGOSTURA - ORANGE BITTERS (100ML),27.2000 
BITTPC,BITTERS FUJI PEACH 4 OZ,28.0000 
BITTPEYCHAU,BITTERS PEYCHAUDS (296ML),29.7500 
BITTYUZU,YUZU SYRUP 500ML,35.0500 
BKALE,BABY KALE,17.2000 
BKC-002W,BLACK WHOLE COD 4/6 - GINDARA- 1X30LBS- CAN,0.0000 
BKC-005F,BALCK COD FARM RAISE 4-6LB,16.4000 
BKC-007,BLACK COD 7UP J-CUT 1X50LB INTER,952.2500 
BKC-007F,BLACK COD FRESH- 5/7- 1X50LBS,0.0000 
BKC-008,Morue Charbonnière 7 up j-cut 1X50lbs,"1,129.0000 "
BKC-008F,WILD BLACK COD FRAIS- 4/5 LBS,0.0000 
BKC-011,BLACK COD FILLET 6OZ-1X10LBS,239.8000 
BKC-012,Morue Charbonnière Filet-congelé- (1X10LBS),199.8000 
BKC-013,BLACK COD FILLET 8 ONZ 1X10LBS,0.0000 
BKC-014,BLACK COD PORTION - 8 OZ - SKIN ON - IVP (1 X 10 LB) - USA - SINBAD,189.8500 
BLACKB,BLACKBERRIES,34.0000 
BLACKPCS,PACK BLACKBERRIES,4.9500 
BLCHICKWS,BONLESS CHICKEN BREAST W/SKIN / 20KG,244.8000 
BLCKBEAN,CLIC - BLACK TURTLE BEAN - 6 X 2.84 L,47.9500 
BLDMDSUS,BLACK DIAMOND RIBBONSLICE WHITE SWISS CHEESE SLICES 2KG,34.9000 
BLDMDTR,BLACK DIAMOND RIBBONSLICE YELLOW CHEDDAR CHEESE SLICES 2KG,33.7000 
BLEACHPARIS,LA PARISIENNE - BLEACH / EAU DE JAVEL (3X3.6L),15.0000 
BLIVER,BEEF LIVER (AVER. WEIGHT 8.15KG),57.2000 
BLKNAPKIN,2 PLY BLACK DINNER NAPKIN 1/8  (5X200),161.8000 
BLOODOR,BLOODIE ORANGE (15KG),77.9500 
BLS-002F,B LINER SNAPPER 1-2 FRESH- CW,0.0000 
BLUEB,BLUEBERRIES (12X1),34.0000 
BLUEBHALF,( HALF / DEMI ) BLUEBERRIES =6UN,22.0000 
BLUEBPCS,( PACK ) BLUEBERRIES,4.1000 
BLUECHEES,CASTELLO - BLUE CHEESE ROLL (APPROX. 3KG),74.9500 
BMFF,(4152) CAVENDISH CRINKLE CUT 3/8,38.7500 
BOEUFHAC,FROZEN GROUNDED BEEF / EXTRA THIN / *5 X TIMES* (5 KG),67.9500 
BOIL,BOILERS ONION,4.2500 
BOKCHOYBIG,BIG BOCK CHOY (40LBS),55.9500 
BOLCDT,BOL COUPE DE THON (BASE ONLY),88.5000 
BOLPUMP,PUMPKIN (MEDIUM),3.0500 
BON-010,DRIED BONITO FLAKES 453G,18.9000 
BONELESSRIBEYEX,COMMERCIAL RIBEYE BONELESS (KG),25.1500 
BONITOFLAKE,DRIED SHAVED BONITO / 6 X 453 GR,113.4000 
BOST,BOSTON LETTUCE CELLO X12,22.5000 
BOSTHALF,( HALF / DEMI ) LAITUE BOSTON GEN-V  =6UNITS,11.4500 
BOUGA,BOUGATSA 7 DAYS (12X450G),61.7000 
BOUGALFA,(#118) BOUGATSA ALFA (6X450GR),30.7500 
BOURSIN,BOURSIN - GARLIC AND HERBS 3X150G,16.3500 
BOVRIL,BOVRIL - BEEF CONCENTRATE (2 X 4L),115.8500 
BOWLKRAFT16,KRAFT BOWL BASE 16OZ / 480ML / 500UN,39.0500 
BOWLKRAFT24,KRAFT BOWL BASE 26OZ / 750ML (300UN),39.9500 
BOWLKRAFT38,KRAFT BOWL BASE 36-38OZ / 1100ML (300UN),50.0500 
BOWLKRAFT8,KRAFT BOWL BASE 8OZ / 240ML (300UN),35.9500 
BOXAPPLESLIC,FROZEN SLICED APPLES (5X1KG),31.2500 
BOXCLUB,CLUB SANDWICH BOX TAKE OUT / 8X6.5X2.5 (250UN),59.0000 
BOXWONT,WONTON WRAPPER BOX (100 X 220G),289.7500 
BRAVMOZZ,MCCAIN DOUBLE BATTERED CHEESE STICK 2.27KG,53.2000 
BRAVOFF,7/16 ZARRA FF,31.7000 
BRAVOPITA,KONTOS PITA / PAIN GYRO 7 INCH 12X10,39.9000 
BRAVOR,ONION RINGS CAVENDISH,32.0500 
BRD107,(107) MICHE PUMPERNICKEL 555G,39.9500 
BRD108,(108) MICHE AU LEVAIN 600G,39.9500 
BRD118,(118) L'ART BLANC 14 INCH  SUBMARINE BREAD 180G,59.7000 
BRD122,BREAD (122) - MINI WHITE DINNER RLS,38.7500 
BRD129,(129) L'ART BLANC 7 INCH SUBMARINE BREAD 100G,43.7000 
BRD157,(157) LART BLANC 10 INCH SUBMARINE BREAD,52.5500 
BRD165,MINI PUMPERNICKEL 3 (45G),46.2000 
BRD166,MINI MULTIGRAIN BREAD 3 (45G),46.2000 
BRD700,MICHE 12 GRAINS (515G),39.0500 
BRD773,(773) BURGER POMME DE TERRE (85G),45.0500 
BRDCBURG,(780) C BURGER BREAD,43.7500 
BRDFLOUR,BREAD FLOUR 20KG,23.9500 
BREADWHITE,SUPERCLUB SANDWICH WHITE SLICED LOAF (3X675G),12.0000 
BRETONPCS,BRETON - CRAQUERS ,5.6500 
BREWFF,(BCI00256) FF BREWCITY LARGE CUT 6X5LBS,73.4500 
BREWOR,BREW CITY ONION RINGS,76.7000 
BRISK,BRISK - LEMON ICED TEA - THE GLACE AU CITRON (24 X 355ML),15.9500 
BRISKET,FROZEN BONELESS BEEF BRISKET (KG),20.9500 
BRISKETAAA,Brisket AAA (KG),18.5000 
BROC,BOX BROCCOLI SIZE 14,35.0000 
BROC14UN,PCS BROCCOLI #14,3.4500 
BROCCHINGAIL,GAILAN CHINESE BROCOLI (30LBS),68.8500 
BROCCROWN,CROWN BROCCOLI,34.0000 
BROCCROWNHALF,( HALF / DEMI ) BROCOLI CROWN,22.0000 
BROCFLEUR,5KG PRECUT BROCCOLI FLORETS,54.9000 
BROCHALF,(HALF) BOX BROCCOLI SIZE 14,22.5000 
BROCPCS,PCS BROCCOLI CROWN,1.5000 
BRUSLBS,LBS BRUSSEL SPROUTS,2.4000 
BRUSSEL,FRESH BRUSSELS SPROUTS (25 LBS),48.9500 
BSFF,7/16 ZARRA FF,0.0000 
BTCUPS,CLEAR BUBBLE TEA CUPS (NO LIDS) 700ML (500 UNITS),124.9000 
BTE-004,BOITE DÉCOUVERTE,49.9500 
BTLDEP,BOTTLE DEPOSIT,0.1000 
BUBBLETEASTRAW,BUBBLE TEA BLACK STRAWS INDIVIDUAL PACKED (BOX),144.8500 
BUBSTRAW,STRAWS FOR BUBBLETEA 8 INCH PLASTIC 20X100,96.4000 
BUCKNOOD,BUCKWHEAT NOODLES (12 X 3LBS),89.9000 
BULDAK,BULDAK - RAMEN SNACK BIG BOX,64.9500 
BULDAK4CHEES,BULDAK - RAMEN QUATTRO CHEESE,68.0500 
BULDAKHOT,BUL0DAK HOT CHICKEN BOWL (16 X 105G),36.9500 
BULDCARBO,BUL-DAK RAMEN CARBONARA (8 PACKS),69.9000 
BULDCHEES,BUL-DAK RAMEN CHEESE (8 PACKS),69.9000 
BULDSPIC,BUL-DAK RAMEN SPICY (8 PACKS),64.9500 
BURG786,BREAD (786) SOHO BURGER BUN,47.0500 
BURG841,BREAD (841) BURGER CHICAGO 6INCH,42.2500 
BURG842,BREAD (842) HOT DOG CHICAGO 7INCH,41.9000 
BURGBF,BURGUL FINE BROWN 10X907G,27.7500 
BURGBFF,(5315) 3/8 CLEARCOAT,34.5500 
BURGBMOZZ,CAVENDISH MOZZA STICKS (19180),39.5500 
BURGERFAL,FALAFEL BURGER (54 X 90G),5.0000 
BURGERSLC,SUB - YELLOW CHEDDAR STYLE CHEESE SLICES 2X2KG,46.0000 
BURGRW,BURGUL ROUGH WHITE 10X907G,27.7500 
BURNB,BURNBRAE - LARGE WHITE EGGS IN CLOSED DOZENS (15X12UN),61.9500 
BURRATA,BURRATA (2 X 250G),23.9500 
BUTCUP,KABOCHA SQUASH FRESH (30LBS),62.9500 
BUTNUTPCS,PCS BUTTERNUT SQUASH,2.8500 
BUTSALT,SALTED BUTTER (25X454GR),164.8500 
BUTTERSALTPCS,SALTED BUTTER (454G),7.2500 
BUTTERUNSALT,UNSALTED BUTTER FULL BOX (25X454GR),164.8500 
BUTTERUNSALTPCS,UNSALTED BUTTER (454G),7.2500 
BUTTSQUA,COURGE BUTTERNUT,46.9500 
BUTTSQUAHALF,HALF COURGE BUTTERNUT,23.9000 
BWLCLEANER,CUVEX - BOWL CLEANER / NETTOYANT A CUVETTE 1L,7.0000 
CABANDCAR10KG,FRESH - SHREDDED GREEN CABBAGE & CARROTS (10 KG),29.5000 
CABBFLAT,FLAT CABBAGE (40LBS),44.9500 
CABBFLATPCS,PCS FLAT CABBAGE,5.8500 
CABBG,CABBAGE GREEN 50LBS,15.4500 
CABBGHALF,HALF CABBAGE GREEN 50LBS,7.8500 
CABBNAP,NAPA CABBAGE,33.0000 
CABBNAPHALF,(HALF) NAPA CABBAGE,21.5000 
CABBNAPPCS,( PCS ) NAPA CABBAGE,3.6000 
CABBPCS,( PCS ) CABBAGE GREEN,3.0000 
CABBRED,RED CABBAGE ( APPROX 40 POUNDS BOX ),29.5000 
CABBREDHALF,( HALF CASE ) RED CABBAGE,15.0000 
CABBREDPCS,( PCS ) RED CABBAGE,3.2500 
CABBSAVOY,SAVOY CABBAGE,49.4500 
CABBTOSCANE,TOSCANE KALE (24UN),36.0000 
CABSHRED,SHREDDED CABBAGE ONLY  (4X2KG),34.7000 
CAFEFLAT,FLAT BOX CAFE MUSHROOMS,17.5000 
CAFEFLATBIG,** BIG PIECES ** FLAT BOX CAFE MUSHROOMS,17.5000 
CAISSETOMATEDES,STONEY CREEK -  DICED TOMATOES / 6 X 2.84L,39.9500 
CAJUNNUTS,RAW CASHEW (1KG),22.3000 
CAJUNSPICE,CAJUN SEASONING (650G),12.0000 
CAKEMCCAIN,GATEAU MCCAIN CHOCOLAT DEEP AND DELICIOUS,10.9500 
CALDRESS,CALIFORNIA DRESSING BOTTLE,18.4500 
CALI,CAULIFLOWER,26.9000 
CALIORANGE,CALIFORNIA NAVEL ORANGE BOX,46.9500 
CALIPCS,PCS CAULIFLOWER,3.0500 
CALIPURP,PURPLE CAULIFLOWER ,25.1500 
CALPICOWH,CALPICO ORIGINAL (500ML),5.0000 
CAMPBELL,HEINZ - TOMATO SOUP IN CANS (12 X 1.36L),87.9500 
CANDEP,CAN DEPOSIT,1.2500 
CANDRY24,CANADA DRY - CLUB SODA 24X355ML (ECOFEE 0.64 INCLUDED),17.7000 
CANDRYTONIC,SODA TONIC / CAN.DRY / 12 X 355ML,13.3000 
CANELO,FROZEN CANNELLONI BEEF (50X50G),32.5500 
CANLEG,ST-HUBERT - SOUPE AU LEGUMES EN CANNES 24X540ML,94.9000 
CANMEL,CANARY MELON #5,44.9000 
CANNEMAIS,CREAMED CORN / 2.84L,12.0000 
CANOIL,CANOLA OIL (16L),45.4500 
CANSPEC,GOLDEN - SPECTRA CANOLA OIL 16L,45.4500 
CANT,CANTALOUPES REGULAR SIZE 12,29.0000 
CANTLRGE,CANTALOUPES JUMBO SIZE 9,25.5000 
CANTPCS,PCS CANTALOUPE  SIZE **#15**,3.5000 
CARAMELPORT,OLD STYLE - CARAMEL PORTION / 200X20GR,37.8500 
CARAMELTOP,MC LEAN - CARAMEL SUNDAY TOPPING (5 X 1L),33.0000 
CARAW,CARAWAY GROUNDED 5LBS,25.0000 
CARDIN,CARDINAL - 1634 HAMBURGER PORTION 4OZ (4.08KG),53.9500 
CAROT5,5LBS CARROTS,4.9000 
CAROTBABY,FRESH BABY CARROTS MINI ( 40UN ) (CASE),58.9000 
CAROTBABYUN,CAROTTE MINI SAC / SMALL BAG FRESH BABY CARROTS MINI,1.6500 
CAROTJ,JUMBO CARROTS (50LBS),39.0000 
CAROTLBS,LBS CARROTS,0.9900 
CAROTSUP,SUPER ** JUMBO ** CARROTS (50LBS),47.5000 
CARROT25,CARROTS 10KG,18.9500 
CARTOUCHEAZ,N02 CREAM CHARGER (X10),13.9500 
CASCFLUFF,CASCADES FLUFF 0613 PAPIER HYGIEN. 2PLY BATH. TISSUE (40UN),30.5500 
CASLH17,H175 - CASCADE PRO BROWN MULTIFOLD PAPER  (X16),29.9500 
CASSONADE1KG,CASSONADE FONCEE 1KG,5.0000 
CAV-002,SALMON CAVIAR 100GRMS,16.1500 
CAV-010,RED TOBIKO - 20 X 500 GR - WISMETTAC,544.5000 
CAV-010/UNIT,RED TOBIKO - 1 X 500GR - WISMETTAC,29.9000 
CAV-011,NAGOMI - RED TOBIKO / GLUTEN FREE / FULL BOX (12X500G),399.6500 
CAV-011/UNIT,*GLUTEN FREE* RED TOBIKO - 1 X 500GR - NAGOMI,35.9500 
CAV-013,CAVIAR TRUITE ARC EN CIEL,34.0500 
CAV-015,ORANGE TOBIKO - 20 X 500GR - WISMETTAC,544.5000 
CAV-015/UNIT,ORANGE TOBIKO - 1 X 500GR - WISMETTAC,29.9000 
CAV-016,CAVIAR MUJOL 100 GRS,0.0000 
CAV-017,CAVIAR SOCKEYE 500GRS,82.9500 
CAV-019,CAVIAR MUJIOL 550 GR - ESP,65.9500 
CAV-020,SALMON CAVIAR KING - (1X500GR) - ALASKA,86.5500 
CAV-021,BLACK CAVIAR OSETRA (1 X 100G),203.8000 
CAV9/32,CAVENDISH 9/32  FINE COAT (07710),45.0500 
CAVDICESEAS,CAVENDISH (05999) DICED SEASONED,59.0000 
CAVDOL,CAVENDISH (42550) DOLLAR CHIPS,49.5000 
CAVENRR,FRENCH FRY - CAVENDISH 3/8 RR,38.0000 
CAVJULSW,CAVENDISH (36811) JULIENNE SWEET FRIES,45.0500 
CAVMOZZ,CAVENDISH - MOZZARELLA CHEESE STICKS (19180),42.2500 
CAVOR,CAVENDISH (18130) ONION RINGS (4KG),33.7500 
CAVROND,CAVENDISH (42555) DOLLAR RONDELLES BREAKFAST,54.5000 
CAVRR,CAVENDISH (4013) *RR* STEAKCUT FF,44.0500 
CAVRR9/32,(01001) CAVENDISH *RR* 9/32 FRIES,0.0000 
CAVSEL,CAVENDISH SELECT PLUS 1/4 SKIN ON,43.7500 
CAVSW3/8,CAVENDISH 3/8 CUT SWEET FRIES,45.0500 
CAVWEDGE,CAVENDISH (5998) WEDGE,53.2000 
CC-101,"Ferro - Crevettes nordiques - 227g,",8.3500 
CC-1032,Ferro - Morue - 180g,9.1500 
CC-105,Ferro - Crevettes roses d'argentine - 227g,9.1500 
CC-1151,Ferro - Thon Poke- 227 g,10.8000 
CC-1181,Ferro -Steak de thon 168g,10.8000 
CC-121,"Ferro - Pétoncles 10-20 - 180g,",10.0000 
CCC,CAVENDISH (5315) CLEARCOAT 3/8,38.4500 
CCC5314,CAVENDISH 05314 CLEAR COAT 3/8 FRIES STRAIGHT CUT 6X2.04KG,37.7500 
CCS,CAVENDISH (5313)* COATED 9/32 SHOESTRING CUT,44.2500 
CD1L,PUTTERS -  CRUNCHY DILL PICKLES IN JARS (12X1L),49.9500 
CELBATON4,5KG PRECUT CELERY STICKS,62.4500 
CELCHI,CHINESE CELERY PACK,7.5000 
CELEROOT,CELERY ROOT,23.4500 
CELLOCAR,CELLO CARROTS (10X5LBS),29.5000 
CELLOCAR24X2,CELLO CARROTS (24X2LBS),68.7000 
CELPCS,( PCS ) CELERY,1.6500 
CELROOTPCS,PCS CELERY ROOT,3.2500 
CELUS,CELERY (24UN),31.5000 
CELUSHALF,( HALF / DEMI ) CELERY / CELERI  =12UN,16.0000 
CERF,CERFEUILLE (6X1 CLAMSHELLS),15.0000 
CHAMPXL,CHAMPIGNON NUM.1 XL,15.0000 
CHANTEREL,CHANTERELLE MUSHROOM FRESH (1KG),64.7000 
CHARCOAL8,CHARCOAL (8KG),26.3500 
CHARGE,,0.0000 
CHARGETX,,0.0000 
CHASHOULD,FROZEN PORK SHOULDER CHASHU - SHIRAKIKU -  (AV WT - 12LBS),146.8500 
CHAYOT,CHAYOTE FRESH BOX,50.9500 
CHECAKERASP,RASPBERRY GREEK YOGOURT CHEESECAKE (2X),114.9000 
CHEDWHTBLOC,SAINT-ALBERT- FROMAGE CHED. 2.27KG BLANC DOUX BLOC,35.9500 
CHEERIOS,MULTIGRAINS CEREAL  / 1.24KG,15.0000 
CHEESBRIEBAG,BRIE BAGUETTE CHEESE / 1.5KG,32.5500 
CHEESECAKE,DABOOM - FROZEN CHEESECAKE / CARAMEL AND CARROT (2X2.5KG),110.9000 
CHEESEPIE,CHEESE PIE (5 X 1KG),77.2000 
CHEESEREG,VALIO GRAN REGALE CHEESE / 1 KG,25.0000 
CHEFNUTRI,CHEF NUTRI - MOZZ RAPE STYLE ITALIEN (4 X 2KG),79.9500 
CHEQUE,*** RAMASSER CHEQUE SVP - PICK-UP CHECK PLEASE ***,0.0500 
CHERGROUND,GROUND CHERRIES,31.9500 
CHERRY,RED CHERRIES,109.9000 
CHERRYCOL,FLEISCHERS - ORIGINAL CHERRY COLA (24 X 473ML),29.9500 
CHERSOUR,FROZEN SOUR CHERRY (1KG),11.0000 
CHEVEM,GOAT CHEESE CRUMBS 1KG,33.0000 
CHGREEKSEAS,CLUB HOUSE - GREEK SEASONING 510G,25.0000 
CHIASEED,CHIA SEEDS / 1KG,17.5000 
CHIC,CHICORY,44.2500 
CHICBABY,BABY CHICORY,46.9500 
CHICBABYBB,BIG BOX BABY CHICORY / BEBE CHICOREE GROSSE BOITE,43.9500 
CHICBABYPCS,PCS BABY CHICOREE,4.9500 
CHICDIP,MAPLE LEAF - 64004 CHICKEN DIPPERS,87.5000 
CHICKBFT20,CHICKEN BREAST FULL TRIM / 20KG,309.7000 
CHICKBFT5,CHICKEN BREAST FULL TRIM / 5KG,77.4500 
CHICKBONES,CHICKEN BONES / BOX,15.9500 
CHICKBR20,BONELESS CHICKEN BREAST NO SKIN / 20KG,274.7500 
CHICKBR5,BONELESS CHICKEN BREAST NO SKIN / 5KG,68.7000 
CHICKBRKG,BONLESS CHICKEN BREAST NO SKIN / KG,13.7500 
CHICKBRPIRI,100890 POULET MARINEE PIRI PIRI MITCH DELI,5.0000 
CHICKBRREUV,REUVEN- FROZEN COOKED BBQ CHICKEN WINGS (2X2KG),55.5500 
CHICKBRREUV10500,REUVEN - 10500 FULLY COOKED BATTERED CHICKEN BREAST CHUNKS (2X2KG),71.9000 
CHICKBRREUV10522,REUVEN - 10522 FULLY COOKED CRISPY BREADED CHICKEN BREAST FILLETS (2X2KG),66.7000 
CHICKBURG,CHICKEN BURGERS,57.7000 
CHICKCUBKNOR,KNORR - CHICKEN BROTH 1KG,14.2500 
CHICKDRUM,FRESH CHICKEN DRUMSTICK (KG),5.2500 
CHICKENLEG20KG,CHICKEN LEGS / SKIN ON / BONE OFF / 20 KG,206.8000 
CHICKFING,CHICKEN FINGERS #64250,69.0000 
CHICKGROUND,FRESH GROUNDED CHICKEN /  KG,10.9500 
CHICKLEG5KG,CHICKEN LEGS / SKIN ON / BONE OFF / 5 KG,51.7000 
CHICKLEGBON,BONE *IN* / SKIN OFF - FRESH CHICKEN LEGS,7.0000 
CHICKLEGSOFFKG,FRESH CHICKEN LEGS SKINOFF BONEOFF (KG),10.9500 
CHICKNUG,GOLDEN MAPLE - CHICKEN NUGGETS (2X2KG),26.9500 
CHICKNUGGET,NUGGETS,58.2000 
CHICKPEAS10,CLIC - CHICKPEAS / 10KG,27.5000 
CHICKPIE,UNCOOKED CHICKEN PIE 8 INCH (10 X 510GR),69.9500 
CHICKPOPPIRI,100891 POULET POP CORN PIRI PIRI MITCH DELI,5.0000 
CHICKSKINKG,CHICKEN SKIN / KG,2.5000 
CHICKSTRIPOLY,OLYMEL - CHICKEN FILLETS,46.1500 
CHICKTHIGH20KG,BONELESS CHICKEN THIGH NO SKIN / 20KG,269.7500 
CHICKTHIGH5KG,BONELESS CHICKEN THIGH NO SKIN / 5KG,67.4500 
CHICKTHIGHKG,BONELESS CHICKEN THIGH NO SKIN / KG,13.5000 
CHICKWINGS,MAPLE LEAF - CHICKEN WINGS #17345,65.5000 
CHICKWINGSCUT,FRESH CHICKEN WINGS CUT /  KG,8.9000 
CHICKWINGSOLY,OLYMEL - CHICKEN WINGS,41.5000 
CHICKWINGSWHOLE,FRESH WHOLE CHICKEN WINGS / KG,7.5500 
CHIMIBLUE,CHIMISOL BLUE KITCHEN & FLOOR (4L),11.4500 
CHIMIGREEN,CHIMISOL GREEN SANITISER WITH BLEACH (4L),8.0000 
CHIMIORANGE,CHIMISOL ORANGE WALL FLOOR (4L),11.4500 
CHIMIRED,CHIMISOL RED GRILL CLEANER (4L),8.0000 
CHINCOOK,CHINESE COOKING WHINE VINEGAR / 12 X 600ML,34.5000 
CHINEGGLBS,LBS CHINESE EGGPLANT,3.3500 
CHINESE,FRESH CHINESE LETTUCE,53.9500 
CHIO,CHIOGGA BEETS (25LBS),26.7000 
CHIPADO,SAN MARCOS - CHIPOTLE PEPPERS (12 X 830ML),77.9500 
CHIPSAUCE,LAS CHAPULAS - CHIPOTLE SAUCE 3L,26.7000 
CHIPSTURTLE,TURTLE CHIPS CHOCO CHURROS 14 X 160G,63.0500 
CHISPOOBAGA,BAGASSE CHINESE SOUP SPOON (X1000),39.9500 
CHIV,BOX CHIVES (12UN),19.7500 
CHIVCHINPCS,PCS BUNCH FRESH *CHINESE* CHIVES,4.2500 
CHIVPCS,( PCS ) FRESH CHIVES,1.5000 
CHOCOCHIPS,AGROFUSION - CHOCOLATE CHIPS / 1KG,14.5000 
CHOCOCHIPTURT,TURTLE CHIPS CHOCO CHURROS (X14),63.9000 
CHOPKALE,2.27KG FRESH CHOPPED KALE,34.9500 
CHOPPARSLEY,FRESH CHOPPED ITALIAN PARSLEY / 5KG,74.9000 
CHOPPLG,FROZEN CHOPPED LEMONGRASS (1KG),5.9500 
CHOPSTICK20,CHOPSTICKS 20 CM BAMBOO (2000PAIRS),44.9500 
CHOPSUEY15,SMALL BOX CHOP SUEY (15LBS),17.7500 
CHOPSUEY15HALF,HALF SMALL BOX CHOP SUEY (15LBS),8.6500 
CHOPSUEY30,BIG BOX CHOP SUEY (30LBS),28.0000 
CHOPSUEYLBS,1LB CHOP SUEY,1.5500 
CHORIZOKG,CHORIZO SAUSAGE / KG,15.2500 
CHOUROUGEEM,FRESH - SHREDDED RED CABBAGE (5 KG),25.9500 
CHOUVERT10,FRESH - SHREDDED GREEN CABBAGE (10 KG),25.4500 
CHOUVERT227,FRESH - SHREDDED GREEN CABBAGE (2.27 KG),6.8000 
CHOUVERTEM,FRESH - SHREDDED GREEN CABBAGE (5 KG),15.0000 
CHOUXCAROT,FRESH - SHREDDED GREEN CABBAGE AND CARROT (5KG),16.9500 
CHOUXFLRET,5KG PRECUT CAULIFLOWER FLORETS,64.9500 
CHSEA,SEASONING  CHICKEN,113.1500 
CIABATTA6,PREMIERE MOISSON - CIABATTA BREAD 6INCH (48 X 120GR),39.9500 
CIBOUL,DRIED CHIVE FLAKES 350G,25.9500 
CINNGRND,GROUND CINNAMON (1.6KG),18.6000 
CINSTICK5,CINNAMON STICK (5 LBS),53.9500 
CINSTICKS,CINNAMON STICKS / BATONNETS DE CANNELLE 700G,16.9500 
CLAMAORIG,MOTTS - ORIGINAL CLAMATO (8 X 1.89L) (DEPOSIT 0.80$ INCLUDED),39.9000 
CLASSIBLUE20,CLASSI-K - BLUE RINSE AGENT (20L),95.2000 
CLASSIORANGE10,CLASSI-K - ORANGE FLOOR CLEANER (10L),26.7000 
CLASSIPINK10,CLASSI-K - PINK HAND SOAD (10L),20.0000 
CLASSIYELLAP10,CLASSI-K - YELLOW ALL PURPOSE CLEANER (10L),24.7500 
CLASSIYELLDS20,CLASSI-K DISHWASHER SANITIZER YELLOW (20L),58.9500 
CLASSIYELLDWL10,CLASSI-K - YELLOW DISHWASHING LIQUID (10L),15.9500 
CLEM,BIG BOX CLEMENTINES 9 KG,39.9000 
CLEMHALF,HALF BIG BOX CLEMENTINES,19.9500 
CLEMPCS,PCS CLEMENTINES,0.7500 
CLIC,CHICKPEAS IN CANS (6X2.84L),37.9500 
CLM-003F,CLAMS - LITTLE NECK QUAHAUGS - FRESH - (20 LBS/BAG) - P.E.I.,0.0000 
CLM-004F,CLAMS - FRAIS - 4.5KG/BAG - NOVA SCOTIA,0.0000 
CLM-005F,CLAMS - MIDNECK SAPLEO ISLAND - FRESH - (10 LB/BAG),68.4500 
CLM-006F,CLAMS - FRESH - PASTA/PALOURDES PASTANECK - USA,6.7500 
CLM-010,WHITE CLAMS WITH SHELL - 40/60 UNIT X KG - OCEAN,5.6000 
CLM-010F,CLAMS - FRESH - RAZOR CLAMS - (10 LBS/BAG),0.0000 
CLM-012,CLAM MEAT- 300-500 - FROZEN (20 X 300 GR),0.0000 
CLM-015,CLAM MEAT FROZEN (10X1LB),0.0000 
CLM-SQP,Palourdes - 454 grs - frais,15.0000 
CLOVESWHOLE,WHOLE CLOVES (380G),12.0000 
CMT-001,CONCH MEAT - FROZEN - (10X2KGS) - 44.092 LBS/CS,0.0000 
COCA32,COCACOLA ORIGINAL 32X355ML (ECOFEE 0.64 INCLUDED),21.6000 
COCAZERO32,COCA-COLA ZERO 32X355ML (ECOFEE 0.64 INCLUDED),21.6000 
COCOAPOW,AGROFUSION - CACAO POWDER 3KG,79.9500 
COCOCKMILK628,COCONUT MILK FOR COOKING / 6 X 2850ML,91.6500 
COCOMILKCAN,AROY-D / COCONUT MILK IN CAN 6 X 2900ML,99.8500 
COD,COD LOINS 4 OZ PACIFIC (10LB),77.9500 
COD30ZLOIN,COD LOINS 3 OZ PACIFIC (10LB),77.9500 
COD6,COD LOINS 6OZ (10LBS),88.1500 
COKEDT32,COKE DIET 32X355ML (ECOFEE 0.64 INCLUDED),21.6500 
COLLARD,COLLARD GREENS,32.7500 
COLORANTRED,RED FOOD COLORING (1L),35.2000 
COMPOPCS,APPLESNAX - APPLE SAUCE (1.24L),3.7500 
COMPOTE,APPLESNAX - APPLE SAUCE FULL BOX / 36 X 90G,20.0000 
COMPOTPOM6,APPLESNAX - APPLE SAUCE / 6 X 2.84L,49.0500 
CONFBL,KRAFT - BLUEBERRY JAM PORTIONS (200X16ML),60.9000 
CONFITUREFRAISE,STRAWBERRY JAM 1.5 L,22.7500 
CONFRASP,GOOD MORNING - RASPBERRY JAM PORTIONS (200X16ML),39.7000 
CONFSTGM,GOOD MORNING - STRAWBERRY JAM PORTIONS (200X16ML),27.7500 
CONSIG30,CONSIGNE (30 X 0.10),3.0000 
CONSIGNE10,CONSIGNE 0.10,0.1000 
CONSIGNE12,CONSIGNE (12 X 0.10),1.2000 
CONSIGNE20,CONSIGNE (20 X 0.10),2.0000 
CONSIGNE24-0.10,CONSIGNE (24 X 0.10),2.4000 
CONSIGNE28,CONSIGNE 0.10 ( 28 X 0.10),2.8000 
CONSIGNE32-0.10,CONSIGNE (32 X 0.10),3.2000 
CONSIGNE35-0.10,CONSIGNE (35 X 0.10),3.5000 
CONSIGNE6,CONSIGNE (6 X 0.10),0.6000 
CONSPC,PEAS AND CARROTS IN CAN (24X398ML),36.5000 
CONT26OZ,FOLD PAK - WHITE CONTAINER 26OZ (500UN),130.6500 
CONTBAG66,BAGASSE CONTAINER 6X6 (500UN),57.9900 
CONTBAG88,BAGASSE CONTAINER 8X8 (200UN),39.2500 
CONTBAG96,BAGASSE CONTAINER 9X6 (250UN),42.5500 
CONTBAG99,BAGASSE CONTAINER 9X9 (200UN),47.2500 
CONTDELI12,DELI 12OZ PLASTIC CONTAINER / LIDS INCLUDED (240UN),39.9500 
CONTDELI16,DELI 16OZ PLASTIC CONTAINER / LIDS INCLUDED (240UN),39.9500 
CONTDELI32,DELI 32OZ CONTAINER - LIDS INCLUDED (240 UNITS),52.9500 
CONTDELI8,DELI 8OZ PLASTIC CONTAINER / LIDS INCLUDED (240UN),39.2500 
CONTEP6,MFPP WHITE PLASTIC CONTAINER (6X6X3) (250 UN),30.9500 
CONTFRIES16,FRIES CONTAINER 16OZ (500UN),75.7000 
CONTLG,MFPP WHITE PLASTIC CONTAINER (9X9X3) (150 UNITS),36.9500 
CONTM,MFPP WHITE PLASTIC TAKE-OUT CONTAINERS 8X8X3 (150UN),33.0000 
CONTRECT42,42OZ RECTANGLE PLASTIC CONTAINER (50 UN),21.7500 
CONTSM,MFPP WHITE TAKE-OUT CONTAINERS 9X6X3 (150UN),29.9900 
CONTSUSHIV1,V1 CLEAR HINGED SUSHI CONTAINER / 500 UN,62.9500 
CONTSUSHIV5,V5 CLEAR HINGED SUSHI CONTAINER (240UN),71.9500 
COOKIESFORTUNE,CHINESE FORTUNE COOKIES / 400 UNITS,25.0000 
COR,BOX CORIANDER X24 (ST-CARLOS) QUEBEC,29.9000 
CORHALF,( HALF / DEMI ) CORIANDER / CORIANDRE =12,15.1500 
CORN,FRESH CORN ON THE COB (QC),35.0000 
CORNCAN6X,WHOLE CORN KERNEL / 6 X 2.84L,74.9000 
CORNFLAKES,KELLOGGS -CORN FLAKES CEREAL / 1.22KG,13.0000 
CORNKERNEL,WHOLE KERNEL CORN NIBLETS (12X341ML),18.9500 
CORNMINICAN,WHOLE MINIATURE CORN/  398G,4.0000 
CORNSIRUP,CORN SYRUP (2 X 2L),29.5000 
CORPCS,( PCS ) FRESH CORIANDER,1.5500 
CORRTX,CORRECTION TAX,0.0000 
CORSEEDS,CORIANDER SEEDS / 5 LB,21.9500 
COULCHOC,DORA - CHOCOLAT SYRUP / 2X2L,38.5000 
COULRASP,RASPBERRY COULIS (2X2L),18.0000 
COURGJULI,5KG PRECUT ZUCCHINI STICKS,6.1500 
COUSCOUSMED5,CLIC - MEDIUM COUSCOUS / 10 KG,33.9500 
COUVBULLE,LIDS FOR BUBBLE TEA CUPS / 20 X 100PCS (C95BH),156.5000 
CPRS,CAPERS CAPPUCCINE (2X3.78L),58.9500 
CRA-025,CRAB MEAT CLAW - FROZEN - 454 G/CAN,0.0000 
CRA-027,CRAB MEAT JONAH COMBO 80/20 (6X5LBS)- CAN,0.0000 
CRA-028,CRAB MEAT IN PIECES - (2 X 5LBS)- Aquastar,332.7000 
CRA-029,KING & PRINCE - CRAB CAKE 3OZ - (4 X 1.13KG) - USA,108.9000 
CRA-030,SOFT SHELL CRAB (100 - 120G) - 10 x 1 KG - JFC,369.6500 
CRA-031,SOFT SHELL CRAB (120 - 150 G) - 10 X 1 KG - JFC,369.6500 
CRA-113,FROZEN SNOW CRAB SEC 3L 1 X 30 LBS QC,0.0000 
CRA-126,CRAB MEAT - FROZEN - (12X 454 GRAMS)/CS,25.0000 
CRA-126F,FRESH PREMIUM CRAB MEAT - 1 X 454 G,23.9500 
CRA-128,CRAB MEAT 16 OZ - 1 X 454G - PHILLIPS,25.0000 
CRABPSTSOYPCS,CRABE PASTE WITH SOY BEAN OIL  / 430G,10.9500 
CRAWF,COOKED CRAWFISH 16/20 8X3LBS,91.6500 
CRE-009,RAW WHITE SHRIMP - FROZEN - PDTO - (21/25) - (5X2LBS/CS) - IQF -,0.0000 
CRE-010,FROZEN WHITE SHRIMP HLSO - BLOCK - 21/25 - (10X4LBS) - IQF - ECUADOR,87.4500 
CRE-011,WHITE SHRIMP - 16/20 - P&D TAIL-ON - 10 LB,84.9000 
CRE-013,WHITE SHRIMP P&D 26/30 - (5 X 2LBS) - 4FC,73.4500 
CRE-017,WHITE SHRIMP 26-30 PDTON- (5 X 2LBS) MENDA - INDIA,63.9000 
CRE-019,SRIMP WHITE COOKED 26-30 (20X400GR) SEA-RAY,179.6000 
CRE-021,WHITE SHRIMP - 21/25 - P&D TAIL-ON - (10 X 1 LB) - SEA-RAY,69.9500 
CRE-024,WHITE SHRIMP 8/12 - P&D TAIL-ON - 5 X 2 LB - AQUASTAR,122.9000 
CRE-025,Crevette BT 8/12- 6X4Lbs- HLSO  BLOCK,366.8500 
CRE-041,WHITE SHRIMP 41/50 PND TAIL OFF - 10 LBS - AQUASEA -INDIA,80.9500 
CRE-049,31/40 5X2LBS RPDTO-OFF,0.0000 
CRE-055,WHITE SHRIMP 31-40 PDTON- (5 X 2LBS) MENDA - INDIA,59.9500 
CRE-059,SHRIMP COOKED 21-25 20X400 GM SEA-RAY,192.3500 
CRE-077,SHRIMP BT 13/15 P&D TAIL-ON (5 X 2 LB) - VT,124.9000 
cre-077,Calmar entière T&T  U/10 - (6x2KG)-Aquasea - Thai,251.7500 
CRE-078,SHRIMP BT - 13/15 P&D TAIL-ON - (6X3 LBS/CS) MIRABEL,0.0000 
CRE-079,SHRIMP BT 21/25 P&D TAIL-ON - (5 X 2 LB) - SEA RAY,104.9000 
CRE-081,TEMPURA RAW SHRIMP 21/25 (20 TR X 10 PCS) (4KG/CS),0.0000 
CRE-082,CREVETTES BT 6/8 - HLSO -6X4 LBS- BLOCK,237.3000 
CRE-083,SHRIMP BT 13/15 - HLSO - 6X4 LBS - BLOCK,304.7500 
CRE-090,MATANE SHRIMPS - 90/125 - 4 X 5LB- IQF,232.8000 
CRE-093,MATAN SHRIMP 125/175 4X5LB-CAN,239.8000 
CRE-094,FROZEN DRIED SHRIMP PACK,6.7500 
CRE-096,WHITE SHRIMP - FROZEN - P&D - 31/40 - (10X2LBS/CS) - PERU,119.9000 
CRE-110,POP-CORN SHRIMP - 12 X 500 GR - AQUASTAR,91.4500 
CRE-114,RAW SHRIMP BLACK TIGER 6/8 PDTON (6X4LBS),0.0000 
CRE-115F,WILD BLACK TIGER SHRIMP 2/4 GIN,0.0000 
CRE-116,BT SHRIMP P&D 6/8 - 1 X 10 LB - AQUASEA,229.8000 
CRE-118,SHRIMP BT P&D 6/8 - 5X2 LBS- SEA RAY,199.3500 
CRE-118-EZ,SHRIMP BT 6/8 EZEPEEL - 5X2 LBS,177.8500 
CRE-121,PINK ARGENTINA SHRIMP - FROZEN - P&D - (16/20) - (10X2LB/CS) - IQF - A,234.8000 
CRE-128,NOBASHI EBI SHRIMP 21/25 (30 X 20 TRAYS / 600 UNITS),193.8000 
CRE-131,SHRIMP BT 16/20 PND TAIL ON 5X2LBS AQUASEA VT,114.9000 
CRE-132,SHRIMP BT 21/25 P&D 5X2 LBS TAIL ON AQUARIUS,99.7000 
CRE-133,Crevette BT 21/25 HLSO 4x6,238.3000 
CRE-134,SHRIMP WHITE 21/25 HLSO (10 X 2KG) 90% NW - EQ,278.7500 
CRE-135,PINK ARGENTINA SHRIMP 16/20 - P&D - 1X10LBS- IQF - ARGENTINA,0.0000 
CRE-165,SHRIMP BT 8/12 - P&D TAIL-ON - 5 X 2 LB - AQUASTAR,139.8500 
CRE-168,CREVETTE BT ENTIER 6/8 - 10X1 LBS - THAI,178.8000 
CRE-169,SHRIMPS BT FROZEN 8/12- 5X2LBS,157.8500 
CRE-169-EZ,SHRIMPS 8/12 BT EZE PEEL - 5X2LBS,0.0000 
CRE-172,Crevette Popcorn-60/80-4X3Lbs,125.8500 
CRE-174,SHRIMP WHITE BUTTERFLY 16/20 - 5 X 2LBS - MIRABEL,108.9000 
CRE-176,SHRIMPS POPCORN JALAPENO 51/60-(2X2.50LBS),0.0000 
CRE-177,SHRIMP WHITE 51-60 TAILL OFF 10X4 LBS USA,4.6500 
CRE-179,SHRIMPS  90/130 P&D TAIL OFF-(5X2LBS),0.0000 
CRE-180,MATAN SHRIMP - NORDIC 150/250-(2X5LBS)-CAN,130.3500 
CRE-182,CARABINEROS SHRIMP -  9/10 - 1X18.95KG - BRAZIL,0.0000 
CRE-183,BREADED SHRIMP 16/20 (20 X 25GR),79.3000 
CRE-185,COOKED SHRIMP 71/90 - P&D TAIL-OFF - (1 X 10LBS) - MEDNA - INDIA,63.9000 
CRE-186,SHRIMP CARABINEROS 6/8 - CW - (8X1.9KG) - BRAZIL,"1,848.3500 "
CRE-187,SHRIMP EBI 4L (30 X 30 TRAYS / 900 UNITS),215.8500 
CRE-188,TEMPURA SHRIMP 31/40 (1 X 125 UNITS),72.9500 
CRE-191,WHITE BUTTERFLY SHRIMP - 16/20 - 5 X 2 LB - SEA-RAY,104.9000 
CRE-192,SHRIMP Ebi 5L (30 X 30 TRAYS / 900 UNITS),244.8000 
CRE-193,BUTTERFLY SHRIMP 13/15 - 20 X 1LBS - ARGENTINA,220.8000 
CRE-195,SHRIMP EBI 3L (30 X 30 TRAYS / 900 UNITS),181.8500 
CRE-198,SHRIMP FRIED 10X1KG  VT,172.4000 
CRE-200,DAMEN - BREADED SHRIMP 16/20 (400X25GR),74.9500 
CRE-202,(do not use) 71-90,63.9000 
CRE-210,SHRIMPS IN BLOCK 21/25 HLSO - SAFA GOLD (6X4LBS),150.9000 
CRE-228,WHITE SHRIMP 13/15 P&D T-ON - (5 X 2 LB) - SEA RAY,109.9000 
CRE-229,16/20 ARGENTINA SHRIMP  EZE PEEL 10X2LBS / OCEANIC FISHERIES CODE 229,219.6000 
CRE-230,CREVETTES ARGENTINE 13/15 P&D 10x2LBS - IQF,326.7000 
CRE-232,CREVETTES ARGENTINE 13/15 EZE PEEL (10x2LBS),288.7000 
CRE-234,CREVETTE ARGENTINE PND MORCEAU 10X2LBS IQF OCEANIC,191.1000 
CREAMCHEESE,PHILADELPHIA - CREAM CHEESE (1.5KG),22.5000 
CREAMCOOK1L,COOKING CREAM 35% (1L),8.5500 
CREAMSOUR4L,SOUR CREAM 14% / 4 L,22.3000 
CREAMWHIP35,WHIPPING CREAM 35% / 1L,8.5500 
CRED,CREDIT,0.0000 
CREDIT,CREDIT APPLIQUÉ SUR LA FACTURE ACTUELLE. MERCI,0.0000 
CREMEBRULEE,CREME BRULEE (4 X 2L),78.9000 
CREMEGODET200,CREAMER 10% (100 X 15ML),8.5500 
CRESSBABY,BABY CRESSON CELLO ICELESS (6 BAGS PER BOX),29.9000 
CRESSMINI,(60G) PACK MINI CRESSON ALENOIS,10.5000 
CRINKLE,CAVENDISH (4152) CRINKLE 3/8 CUT,44.7000 
CROUT5,GARLIC CROUTONS (5KG),36.9000 
CROWNDAISY,FRESH CROWNDAISY,39.6500 
CRUSHOR24,CRUSH ORANGE SODA / 24X355ML (ECOFEE 0.48 INCLUDED),16.5000 
CSB-003,CHILEAN BASS ENTIER - FROZEN - 10-15 KG,0.0000 
CSB-004,WHOLE CHILIAN BAS - CW- 3-4KG,27.3500 
CSB-010,CHILIAN BASS PORTION 4 OZ - 1 X 10 LBS - CHILI,375.7000 
CUBEFRIT,SPECTRA - SUPER FRY SHORTENING / 20 KG,71.5000 
CUCLEBPCS,PACK LEBANESE CUCUMBERS,2.1500 
CUCPCS,PCS ENGLISH CUCUMBERS,2.3500 
CUCS,ENGLISH CUCUMBERS #2 (12UN),10.5000 
CUCS#1,ENGLISH **LARGE** CUCUMBER #1 ( 12 PCS ),18.5000 
CUCSLEB,LEBANESE CUCUMBERS 12X1,19.5000 
CUCSMED,ENGLISH *MEDIUM* CUCUMBER #1 ( 12 PCS ),15.4500 
CUMINGRND,GROUND CUMIN (2KG),22.3000 
CUMINWHOLE,WHOLE CUMIN (1.8KG),20.9500 
CUP8OZ,CAFE CIOCIAROS / 8OZ CUPS (1000/CS),54.2000 
CUPBAS1,PORTION CUP 1OZ (2500UN),21.5500 
CUPBAS15,PORTION CUPS CLEAR BASE 1.5OZ (2500 UNITS),30.9500 
CUPBAS25,PORTION CUPS CLEAR BASE 2.5OZ (2500 UNITS),39.9500 
CUPBAS4,PORTION CUPS CLEAR BASE 4OZ (2500 UNITS),41.7000 
CUPP16,PAPER DRINK CUPS 16OZ BROWN (5X100),53.7000 
CUPP2,PORTION CUPS 2OZ (2500 UNITS),30.7500 
CUPP22,WHITE PAPER CUPS 22OZ ,147.1500 
CUPS12OZ,CAFE CIOCIAROS 12OZ CUPS (1000/CS),78.7000 
CUPS4OZ,CAFE CIOCIAROS / 4OZ CUPS (1000/CS),45.7500 
CUTLET,SHREDDED ICEBERG 1/8,39.5000 
CUTLET11/4,CHOPPED ICEBERG 1 1/4,62.9500 
CUTLET14,SHREDDED ICEBERG 1/4,39.3000 
CUTTLEFISHBOX,CUTTLEFISH TOKUSEN MONGO 8X1KG,328.3000 
CUTTLEFISHUNIT,CUTTLEFISH TOKUSEN MONGO 1KG,41.2500 
DAIKMINI,(100G) PACK MINI DAIKON,12.8500 
DAIKROOT,BOX DAIKON ROOT,37.5000 
DAIKROOTHALF,HALF BOX DAIKON ROOT,18.9500 
DAIKROOTPCS,PCS DAIKON ROOT,2.5500 
DAND,DANDELION,36.7000 
DARKSOYGOLD,DARK SOYA MUSHROOM P.R GOLD (2 X 8L),61.9500 
DARKSOYRED,DARK SOYA P.R (RED LABEL) / 2 X 8L,58.9500 
DATBIO,PITTED DATES / 1KG,8.0000 
DATMEDJ5KG,MEDJOOL DATES 5KG,67.9000 
DAWN378,DAWN (POMP) DISHWASHER DETERGENT (3.78L),22.3000 
DELETEBILL,FACTURE A EFFACER / DELETE THIS BILL,0.0000 
DELIVERY1,MINIMUM FUEL SURCHARGE,8.0000 
DELIVERY2,SERVICE FEE,3.0000 
DESS8B,CLEAR DESSERT CUPS 8 OZ (1000UN),204.9000 
DESS8L,CLEAR LIDS FOR 8 OZ DESSERT CUPS (1000UN),129.6500 
DGPEPPER,FRESH DICED GREEN PEPPER (5KG),37.5000 
DICEDPEAR,DICED PEAR IN SYRUP (6 X 2.84L),94.9000 
DILL,BOX DILL / ANETH X24,36.0000 
DILLPCS,( PCS ) FRESH DILL,1.7500 
DILLWEED,DILL WEED (650G),18.5500 
DINERNAP2,DINNER NAPKIN 2 PLY (3000 UNITS),54.9500 
DISC,DISCOUNT,0.0000 
DKP1L,PUTTERS -  KOSHER DILL PICKLES IN JARS (12X1L),49.5000 
DKP20L,PUTTERS - BLUE PAIL PICKLES KOSHER STYLE (20L),58.4500 
DOLMADES,ONASSIS STUFFED VINE LEAVES,0.0000 
DOR-001F,GILT HEADED BREAM - FRESH - (400-600/PC),0.0000 
DOR-002F,MEDIT. PORGIE - FRESH - 600/800 - GREECE,0.0000 
DOR-003F,FRESH SEA BREAM - 600-800 - LBS - TURKEY,9.6500 
DOR-004F,DORADE ROYALE 800-1000 1x10KG,275.7000 
DOR-006,EUROPEAN PICKEREL - FROZEN - FILET - 8/10OZ (1X5KG) - IQF,0.0000 
DOR-008,DORE - EUROPEAN PICKEREL FROZEN FILLET 6/8OZ (1 X 5KG),12.1500 
DOR-010,EUROPEAN PICKEREL FROZEN FILET SKIN OFF (1X50LBS),0.0000 
DOR-023F,WHOLE PICKEREL - 2-3 LBS- CW- CAN,8.1500 
DOUBLER04,CAVENDISH - 01004 DOUBLE R STRAIGHT CUT 7/16 FRIES / 6X5LBS,31.5000 
DOUBLER716,FRIES 7/16 DOUBLE-R,40.0500 
DP1L,PUTTERS - DILL PICKLES IN JARS (12X1L),49.9500 
DP2L,PUTTERS - DILL PICKLES IN JARS (6X2L),52.9500 
DPL20L,PUTTERS - LONG CUT PICKLES PAIL (20L),63.7000 
DPR20L,PUTTERS - REGULAR DILL PICKLES PAIL  (20L),57.4500 
DPS20L,PUTTERS - YELLOW PAIL #2 DILL PICKLES (20L),58.4500 
DRAGON,DRAGON FRUIT,46.9500 
DRG-001,DRAGON FRUIT POWDER (150G),25.4500 
DRIEDGR,DRIED YELLOW GRAPES (12X400G),36.7000 
DRIEDMUST,MUSTARD POWDER 2.4KG,73.9000 
DRIEDRAIS,DRIED RAISIN SUNMAID,15.0000 
DRINKOAT,SILK - OAT MILK 1.75L,6.9500 
DRISCBL,DRISCOLLS / BLUEBERRY BOX,31.9500 
DRISCBLAC,DRISCOLLS / BLACKBERRY / MURES BOX,39.9500 
DRISCRASP,DRISCOLLS / RASPBERRY / FRAMBOISE BOX,34.9500 
DRISCSTRAW,DRISCOLLS / STRAWBERRY 8X1,54.9500 
DRYCRAN,DRIED CRANBERRIES / CANNEBERGE SECHE 1.8KG,22.5500 
DRYFUNG,DRIED WHITE  FUNGUS 200G,7.5500 
DRYGRPG,YUPIK - DRIED GOLDEN RAISINS / 2KG,16.9500 
DRYGRPR,DRIED RED GRAPES (2KG),14.5500 
DRYMINT,DRY MINT 600G,22.4000 
DRYROSEMARY,ROSEMARY / 1.1KG,18.5500 
DRYSHAL,DRY**** SHALLOTS / ECHALOTTE****FRANCAIS****10LBS,19.9500 
DRYTOMYUP,YUPIK - DRIED TOMATOES  (2.27KG),23.6500 
DUCK,FROZEN WHOLE DUCK,29.9500 
DULCE,DULCE DE LECHE SPREAD (9KG),86.4500 
DUMPLCHICK,O' TASTY - DUMPLINGS (CHICKEN AND VEGETABLE) 12 X 567G,78.7500 
DUMPLPORKBI,BIBIGO MANDU PORK & VEGETABLES DUMPLING,150.1500 
EASYOFF,PHARAON - EASY OFF AEROSOL OVEN CLEANER (510GR),9.7500 
ECH-001,ÉCHANTILLON SAUMON FUMÉ (ARTISANAL) 40GRS,0.0000 
ECOF,ECO-FRIENDLY LOGISTIC FEE,2.0000 
EDAMAMEFROZ,FROZEN EDAMAME 6 X 2KG,45.9500 
EDAMAMEFROZUN,FROZEN EDAMAME 2KG BAG,7.7500 
EDAMAOFF,EDAMAME SKIN LESS *SHELLED* (20X400G),36.9500 
EDAMAON,EDAMAME SKIN ON *IN POD* (20X400G),38.0000 
EDULCOLO,SPLENDA - SWEETENER NO CALORIE PACKETS (1000UN),31.9500 
EGGCHINESE,CHINESE EGGPLANT (30LBS),72.4500 
EGGITALIAN,ITALIAN EGGPLANTS ,36.7000 
EGGNOODLE,FRESH EGG NOODLE (5 LBS),20.0000 
EGGO,EGGO - FROZEN WAFFLES (72 UNITS),23.0000 
EGGPLANT,EGGPLANT,34.0000 
EGGPLANTHALF,( HALF / DEMI ) EGGPLANTS / AUBERGINE,22.0000 
EGGSFRESHWH,EGGS WHITE /  4X500G,19.7500 
EGGSLAVL,LAVIOLETTE LARGE EGGS (15 DOZENS) CANADIAN,56.7000 
EGPPCS,PCS EGGPLANT,2.5000 
EMB451,LIDS FOR PORTION CUPS 1.5 / 2 / 2.5 OZ (2500UN),31.9500 
EMPA,EMPANADAS MAIZ CARNE (8X25UN),101.3000 
EMPT,EMPTY PALETTE TO PUT PRODUCTS ON IT TO MAKE THE DELIVERY,0.0500 
END,ENDIVES,57.4500 
ENDPCS,PCS ENDIVES,2.5000 
ENDRED,RED ENDIVES,52.9500 
ENGLMUFF,ENGLISH MUFFIN / 6 UNITS,5.9500 
ENOIKIPCS,1PACK ENOKI BIO MUSHROOM,4.5500 
ENOKIBIO,ORGANIC FRESH ENOKI MUSHROOM (22X150GR),99.4500 
ENTRP,ENTREPOSAGE PALETTE,41.9500 
EPICURIEN,EPICURIEN - TICK SLICED MULTI GRAIN LOAF 7/8 (8 X),58.9000 
ESC,ESCAROLE,40.4500 
EUROPA,EUROPA MEAT - STEAK SPENCER SUBMARINE / 5KG,121.8500 
EYER,FRESH BEEF EYE OR ROUND AAA (BY CASE),17.7500 
EZP2630,SHRIMP 26/30 EZPEEL 10LBS,61.9500 
FARGAT2.5KG,FARINE A GATEAU ET PATISSERIE 2.5KG - CAKE AND PASTRY FLOUR 2.5KG,13.0000 
FARINEBRODIE, BRODIE XXX - FLOUR (10 X 2.5KG),78.9000 
FARINPOIS907,CHICK PEA FLOUR / 10KG,39.7000 
FARPIZZA20KG,PIZZA FLOUR / 20KG,21.7500 
FAVABOX,FAVA BOX 4KG,62.2000 
FCC-001,FISH BONES,234.2500 
FCD-016,FILET DE MORUE SAUVAGE 4-6OZ-1X10- CAN,0.0000 
FENN,FENNEL,48.9000 
FENNHALF,HALF FENNEL,24.9500 
FENPCS,PCS FENNEL,2.2500 
FETA 3KG,SMALL FETA 3KG,31.9500 
FETA11KG,LARGE FETA 11KG,153.3500 
FETA200G,SAPUTO - FETA CHEESE / 200G,10.0000 
FETATRAD3,FROMAGE FETA TRADITONNEL 3KG,38.2000 
FETT,FETTUCCINE / 20LBS,29.9500 
FEVE24X398,BAKED PORK BEANS (24 X 398ML),66.9500 
FEVERGING,FEVERTREE - GINGER BEER (24X250ML),36.5000 
FEVERGRPGING,FEVERTREE - GRAPEFRUIT GINGER BEER (24X200ML),44.9500 
FEVERTONIC,FEVERTREE - TONIC (24X200ML),33.7500 
FEVL,BAKED PORK BEANS (6L),27.2500 
FHB-0204,PORTIONS FLETAN 2/4 oz - 1x10 LBS - CAN,169.7500 
FIDDHEAD,FRESH FIDDLE HEAD,72.2500 
FIGS,FIGS,14.5000 
FILETMIGNONAAA,WHOLE FILET MIGNON AAA / KG,52.9500 
FILO,(1811) FILO 7-DAYS MEDIUM,41.2500 
FILOALFA,(#111) ALFA MEDIUM PHYLLO PASTRY 12X450 GR,41.4500 
FIOR3KG,SANTA LUCIA - FIOR DI LATTE CHEESE (3KG),46.9500 
FIREFF,RR 9/32 CAVENDISH FRIES,31.1000 
FIRESWFF,(36812) CAVENDISH SWEET FRIES 3/8,50.9500 
FISHBALL,FISH BALL PACK,4.5000 
FISHBONE,FISH BONES (APPROX. 30LBS),20.5500 
FISHCHIP,FISH N CHIPS (10LB),83.4000 
FLAKEDTUNA,FLAKED LIGHT TUNA - PANTRY SHELF 1.88KG,18.5000 
FLOURPASTRLY20,PASTRY FLOUR 20KG / 20KG,26.9500 
FLOURRICE,WHITE RICE FLOUR (30X400G),39.9500 
FLOURTEMPBM,TEMPURA BATTER MIX FLOUR (40LBS),48.7000 
FLOURWW2.5,WHOLE WHEAT FLOUR (20KG),23.9500 
FLT-005F,HALIBUT - FRESH - (HEAD-OFF) - GUTTED - CW - USA,15.6000 
FLT-010,HALIBUT TRIM IQF (1 X 10 LBS) - CAN,43.4500 
FLT-011,HALIBIT PORTION (3X6.5LBS) CW QC,23.4500 
FOCOCOCO,FOCO - COCONUT DRINK 24X350ML,47.5000 
FOCOCOCOWATER,FOCO COCONUT WATER (12 X 1L),39.9000 
FOCOLYCHEE,FOCO - LYCHEE JUICE 24X350ML,45.4500 
FOCOMANGO,FOCO - MANGO NECTAR 24X350ML,36.9500 
FOCOROASTCOCO,FOCO - ROASTED COCONUT 24X350ML,36.7000 
FOLFOL,PALLET CHEESE FOR FOLFOL (BY DAMAS),174.8500 
FORKAGAV,AGAVE FORKS 17CM (1300UN),177.8500 
FORKPLAST,PLASTIC FORKS (1000UN),18.0000 
FOWLBREST,FOWL BREST / KG,7.5000 
FRANKCAYEN,FRANKS - REDHOT SAUCE PIMENT DE CAYENNE (4X3.78L),72.9000 
FRBROCDUS,FROZEN BROCCOLI DUST (6 X 2KG),36.9000 
FRDRESS,FRENCH DRESSING GALLON,18.4500 
FREEK,FREEKEY 24X454G,83.9000 
FRESHCHICKFING,FRESH CHICKEN FINGERS / KG,12.0000 
FRIEDGARL,FRIED GARLIC (24 X 454G),94.9000 
FRITESCAVENDUN,BAG CAVENDISH STRAIGHT CUT EXTRA CRISPY FRIES (4.25KG),17.5500 
FROCHERAP,CASTLE- SHREDDED YELLOW CHEDDAR CHEESE / 2 KG,23.4500 
FROMAGECOTT,FROMAGE COTTAGE 2KG,18.0000 
FROMRAP,FAKE SHREDDED YELLOW CHEESE / 4X2 KG (100% ANALOGUE),86.5000 
FROPORCNAGA,FROZEN NAGANO PORC TENDERLOIN PRICE PER (KG),5.0000 
FROSTRAWB,FROZEN STRAWBERRIES / 5 X 1KG,21.9500 
FROWHOLEGREEN,FROZEN WHOLE *GREEN* BEANS (1X7KG),23.7500 
FROWHOLEYELL,FROZEN WHOLE YELLOW BEANS (2X3.5KG),23.7500 
FROZAPPSLICEPCS,FROZEN SLICED APPLE (1KG),8.2500 
FROZASPA,FROZEN ASPARAGUS (4X1KG),37.0500 
FROZASPAPCS,FROZEN ASPARAGUS (1KG),8.6000 
FROZBABYCAR,FROZEN BABY CARROTS (4X2KG),26.4500 
FROZBAN,FROZEN BANANA SLICED / 5 X 1KG,23.0000 
FROZBANLEAF,BANANA LEAF FROZEN  20 X 454GR,44.9500 
FROZBANLEAFPCS,BANANA LEAF FROZEN 454GR,3.0000 
FROZBATCAR,FROZEN CARROT STICKS (6 X 2KG),26.9000 
FROZBLACKB,FROZEN BLACKBERRIES (5X1KG),33.6000 
FROZBLUEB,FROZEN BLUEBERRIES / 5 X 1KG,54.9500 
FROZBLUEBPCS,FROZEN BLUEBERRIES / 1KG,12.0000 
FROZBROBOX,FROZEN BROCCOLI FLORETS (6X2KG),43.8000 
FROZBROCFLORET,FROZEN BROCCOLI FLORETS (8X1KG),34.5500 
FROZBROCFLORPCS,FROZEN BROCOLI FLORETS (2KG),7.3000 
FROZBROCROMAN,FROZEN ROMANESCO (4X2.5KG),36.1000 
FROZBRUS,FROZEN BRUSSELS SPROUTS (6X2KG),37.0500 
FROZBRUSPCS,FROZEN BRUSSEL SPROUTS (2KG),6.7500 
FROZBSQ,FROZEN DICED BUTTERNUT SQUASH (6X2KG),44.4500 
FROZBUTTNUTPCS,FROZEN DICED BUTTERNUT SQUASH (2KG),8.5500 
FROZCAUL,FROZEN CAULIFLOWER FLORETS (6X2KG),38.7500 
FROZCAULMIX,FROZEN CALIFORNIA MIX (2KG),8.6000 
FROZCAULPCS,FROZEN CAULIFLOWER FLORETS (2KG),11.1000 
FROZCHER,FROZEN CHERRIES (5X1KG),44.0500 
FROZCHICKBR,TCF - FROZEN CHICKEN BREAST (4KG),58.7500 
FROZCHOPSPIN,FROZEN CHOPPED SPINACH (12X2LBS),30.7500 
FROZCORN,FROZEN CORN (6X2KG),41.1000 
FROZCORNPCS,FROZEN CORN (2KG),7.1000 
FROZCRAN,FROZEN CRANBERRIES (5X1KG),33.2000 
FROZCRANPCS,FROZEN CRANBERRIES (1KG),6.7500 
FROZCUTBEANS,FROZEN CUT *GREEN* BEANS (6X2KG),40.2500 
FROZCUTBEANSPCS,FROZEN CUT GREEN BEANS (2KG),8.4500 
FROZCUTWAX,FROZEN CUT YELLOW BEANS (6X2KG),36.5000 
FROZCUTWAXPCS,FROZEN YELLOW BEANS CUT (2KG),8.8000 
FROZDICCAR,FROZEN DICED CARROTS (6X2KG),26.5500 
FROZDICCARPCS,FROZEN DICED CARROTS (2KG),6.2500 
FROZDICECEL,FROZEN DICED CELERY (6X2KG),33.1000 
FROZDICECELPCS,FROZEN DICED CELERY (2KG),6.2500 
FROZDICEON,FROZEN DICED WHITE ONIONS (6X2KG),30.7500 
FROZDICEONPCS,FROZEN DICED ONIONS (2KG),6.7500 
FROZDRAG,FROZEN DRAGON FRUIT,79.2000 
FROZEDAM,FROZEN EDAMAME BEANS IN BULK (10KG),56.5000 
FROZEGGYOLK,FROZEN EGG YOLKS / 12 X 1KG,125.8500 
FROZFAJ,FROZEN FAJITA MIX VEG. (6X2KG),44.4500 
FROZFAJUN,FROZEN FAJITA MIX (2KG),8.9000 
FROZGALANPCS,WHOLE FROZEN GALANGAL (200G),4.2500 
FROZGALANSLC,FROZEN GALANGA SLICED / 200G,2.5000 
FROZINARITOFU,INARI FROZEN SMOKED TOFU (10X900G),85.9000 
FROZKIWI,FROZEN CHOPPED KIWI (5X1KG),30.7500 
FROZKIWIPCS,FROZEN KIWI SLICED (1KG),6.1000 
FROZLEEKS,FROZEN DICED LEEKS (6X2KG),46.2000 
FROZLEEKSPCS,FROZEN DICED LEEKS (2KG),7.1000 
FROZLEM,NATALIES - FROZEN *YELLOW LEMON* JUICE (6X1KG),48.9500 
FROZLEMGRASS,FROZEN LEMONGRASS STICKS (454G),3.5000 
FROZLEMGRASSSLC,FROZEN LEMONGRASS SLICED (50X227G),76.2000 
FROZLIME,NATALIES - FROZEN LIME JUICE (6X1KG),48.9500 
FROZLIMELEAF,FROZEN LIME LEAF (100G),3.8000 
FROZMANGH,MANGO HALFS FROZEN (10X1KG),55.7000 
FROZMANGO,FROZEN MANGO / 5X1KG,26.9500 
FROZMANGOPCS,FROZEN MANGO CHUNKS / 1KG,7.2500 
FROZMIXFRBRUN,FROZEN MIX FRUIT BRUNOISE (5X1KG),37.0500 
FROZMIXFRUIT,FROZEN MIX FRUIT BRUNOISE (4X2.5KG),87.0000 
FROZMP,FROZEN MIREPOIS (6X2KG),39.8000 
FROZMPPCS,FROZEN MIREPOIS MIX (2KG),6.6500 
FROZMUSH,FROZEN SLICED MUSHROOM (6X2KG),47.9500 
FROZOS,FROZEN BONE MARROW (SUR LA LONGUEUR) PRICE (KG),5.7500 
FROZPEA&CARPCS,FROZEN PEAS AND CARROTS (2KG),8.2500 
FROZPEA&CARR,FROZEN PEAS AND CARROTS (6X2KG),35.5500 
FROZPEACH,FROZEN SLICED PEACHES (5X1KG),37.0500 
FROZPEACHPCS,FROZEN PEACH CHUNKS (1KG),9.5500 
FROZPEARLON,FROZEN PEARL ONIONS,28.9500 
FROZPEAS,FROZEN GREEN PEAS (6X1.75KG),38.2000 
FROZPEASPCS,FROZEN GREEN PEAS (2KG),7.6500 
FROZPINEAPP,FROZEN PINEAPPLES CHUNKS (5X1KG),33.5500 
FROZPINEPCS,FROZEN PINEAPPLE CHUNKS (1KG),8.8000 
FROZPORC,FROZEN SLICED PORCINI MUSH. (1KG),37.0500 
FROZPOTCUB,FROZEN RAW DICED POTATO (4X2KG),27.5000 
FROZPOTCUBPCS,FROZEN RAW DICED POTATO (2KG),10.7000 
FROZRAPINI,FROZEN RAPINI (5 X 1KG),24.9500 
FROZRASPB,FROZEN RASPBERRIES (5X1KG),55.9000 
FROZRASPPCS,FROZEN RASPBERRY (1KG),11.5000 
FROZRHUB,FROZEN RHUBARB,41.2500 
FROZRHUBPCS,FROZEN RHUBARBE (1KG),7.1000 
FROZSLICSPINPCS,FROZEN CHOPPED SPINACH (2LBS),9.5500 
FROZSTRAWPCS,FROZEN WHOLE STRAWBERRIES (1KG),4.4500 
FROZTHAIRED,FROZEN RED THAI CHILI (500G),5.1000 
FROZTURNPCS,FROZEN DICED TURNIPS (2KG),7.5500 
FROZYAMS,FROZEN DICED SWEET YAMS POTATO (6X2KG),80.0000 
FROZYAMSUN,FROZEN DICED SWEET YAMS POTATO (2KG),15.3000 
FRSHDICGARL,FRESH DICED GARLIC (5 KG),29.9500 
FRSLCAR,FROZEN SLICED CARROTS (6X2KG),30.9500 
FRSLCARPCS,FROZEN SLICED CARROTS (2KG),6.7500 
FRYGAR,FRIED GARLIC / 450G,4.7500 
FRYONI,FRIED ONIONS (15X400G),86.9000 
FRYONIPCS,FRIED CRISPY ONIONS (400G),7.0000 
FRYTEMPURA6,FRIED TEMPURA READY TO EAT (6KG),75.9000 
FRYTOFU,454G FRIED TOFU,5.6500 
FRZMUSH,FROZEN SLICED MUSHROOMS REGULAR 10KG,43.7000 
FTSAL,FRUIT SALAD / SALADE DE FRUITS / 12 LITERS,31.5000 
FULLPURE,FULL RED - EXTRA HEAVY TOMATO PUREE / 6 X 2.84L ,44.9500 
FULLTOMSAUCE,STANISLAUS- FULL-RED CALIFORNIA TOMATO SAUCE / 6 X 2.84L,54.5000 
FUNGBB,BLACK BABY FUNGUS 454G (16OZX30),387.6000 
FUNSNO,WHITE DRIED SNOW FUNGUS (PACK),7.0000 
FUSILITRICO,TRICOLOUR FUSILLI 2.27KG,13.0000 
FUSILLI,PASTA FUSILLI (9.07 KG),39.9500 
FUZEC,FUZE ICED TEA / 32 X 341ML (ECOFEE 0.64 INCLUDED),21.6000 
FVEGJUICE,VEGETABLE JUICE  - FAIRLEE - 1.89L,5.9500 
FVEGJUICEBOX,VEGETABLE JUICE  - FAIRLEE - 6 X 1.89L,29.9500 
FZBOILEDCORN,FROZEN BOILED CORN SECTIONS 30LBS,21.9500 
FZWHLMANG,GOLDEN SEA- FROZEN MANGO HALVES (10 X 1KG),55.7000 
GALSLIBOX,FROZEN GALANGA SLICED FULL BOX / 50 X 200G,88.9000 
GARBLKBIO,AIL NOIR BIO 6X60GR BOX,45.9000 
GARBXMAYO,BOX MAYO 4X4L,58.3500 
GARCOL,GARLIC COLOSSAL  (30LBS),94.4500 
GARDMAYO,GARDEN MAYO 15L,67.9000 
GARFLBS,LBS GARLIC FRESH,2.6500 
GARFRESH,GARLIC (10KG),38.7000 
GARGRAN,GRANULATED GARLIC (2.5KG),20.9500 
GAR'N'OIL,GARLIC IN OIL 8KG,47.5500 
GARPEEL,BOX PEELED GARLIC (6X3LBS),78.0000 
GARPEELPCS,3LB (JAR) PEELED GARLIC,14.7000 
GARPEELPCS5,5LBS (JAR) PEELED GARLIC,18.0000 
GARPEPROAST,CLUB HOUSE - ROASTED GARLIC AND PEPPERS (660G),25.0000 
GARSPREAD,PARKAY GARLIC SPREAD (4.5KG),33.9500 
GATSPA,GATTUSO - SPAGHETTI SAUCE / 6 X 2.84L,71.0500 
GATUSOPIZZA,GATTUSO - PIZZA SAUCE / 6 X 2.84L,84.2000 
GEMBIG,BIG BOX GEM LETTUCE,58.9000 
GEMSMALL,GEM LETTUCE SMALL BOX,64.2000 
GGERAMENOR,GGE WHEAT CRACKER - ORIGINAL RAMEN 15X80G,33.0000 
GIGIFF,7/16 QUALIFRESH,33.9500 
GIN-001,PINK MARINATED GINGER SUSHI (1X25LBS) CHINE,42.5000 
GING,BOX GINGER 30LBS,52.9000 
GINGBIO,ORGANIC/BIO FRESH GINGER (30LBS),81.9000 
GINGCAN,CANADA DRY - GINGER ALE 32X355ML (ECOFEE 0.64 INCLUDED),21.6000 
GINGHALF,( HALF / DEMI ) GINGER  =15LBS,26.9500 
GINGLBS,( POUND ) GINGER FRESH,2.0500 
GINGMINC120,MINCED GINGER (120GR),3.5000 
GINGMINCED,MINCED GINGER (12X140 ML),23.7500 
GLOVBLKNITL,LARGE NITRIL BLACK GLOVES / 10 X 100 UNITS,54.9500 
GLOVBLKNITM,MEDIUM NITRIL BLACK GLOVES / 10 X 100 UNITS,54.9500 
GLOVBLKNITSM,SMALL NITRIL BLACK GLOVES / 10 X 100 UNITS,54.9500 
GLOVNIXL,XL NITRIL BLACK GLOVES / 10 X 100 UNITS,54.9500 
GLOVVINL,LARGE VINYL CLEAR GLOVES / 10 X 100 UNITS,34.9500 
GLOVVINM,MEDIUM VINYL CLEAR GLOVES / 10 X 100 UNITS,34.9500 
GLOVVINS,SMALL VINYL CLEAR GLOVES / 10 X 100 UNITS,34.9500 
GLOVVINXL,XLARGE VINYL CLEAR GLOVES / 10 X 100 UNITS,34.9500 
GLURICEFLOUR400,ERAWAN - WHITE GLUTINOUS RICE FLOUR / 30 X 400G,44.9500 
GLV-001,POLYETHYLENE GLOVES / MEDIUM /  500UN,4.2500 
GLV-002,POLYETHYLENE GLOVES / LARGE / 500UN,4.2500 
GOAT600,GOAT CHEESE / 2 X 300G,14.5500 
GOATCHEESE1KG,GOAT CHEESE / 1KG,24.1000 
GOB-011,SURIMI SUSHI MAKI STICK - (5X1KG),0.0000 
GOB-012,IMITITATION CRAB MEAT FLAKES - 4 X 2.5 LB - OCEANIC,38.9500 
GOB-013,GOBERGE - SURIMI IMITATION CRAB STICKS - 10 CM (20X500G),89.9000 
GOCHUJIANG1,GOCHUJIANG / 1KG,12.0000 
GOOSELIVER,GOOSE LIVER (220G),97.9000 
GRAHAM,GRAHAM CRUMBS (5KG),33.0000 
GRANAPADA,GRANA PADANO GRATED (1KG),35.9500 
GRAPFRTPCS,( PCS ) GRAPEFRUIT,0.9500 
GRAPFRUIT,GRAPEFRUIT,39.0000 
GRB-007,GROUPER FILETS 3-5LBS SKIN OFF - (1 X 25LBS) - VZ,373.4000 
GRCHILLBS,LBS GREEN CHILLI PEPPERS,6.6500 
GREEKPEP,GREEK PEPPERONCINI (4 X 3.85L),36.2500 
GREENB,FRESH GREEN BEANS,75.9000 
GREENBHALF,HALF FRESH GREEN BEANS,38.7000 
GREENBLBS,LBS GREEN BEANS,3.4500 
GREENLEN,GREEN LENTILS IN CAN (6 X 2.84L),49.9500 
GRELOT,WHITE GRELOT POTATOES (50LBS),17.7500 
GRELOTHALF,( HALF / DEMI ) WHITE GRELOT / PATATE GRELOT BLANC  =25LBS,9.9500 
GRELOTLBS,LBS WHITE GRELOT POTATOES,0.6500 
GRELOTYEL,YELLOW GRELOT POTATOES (50LBS),17.7500 
GRELOTYEL5,LBS YELLOW GRELOT POTATOES,0.6500 
GRELPEEL,GEMME - GRELOT PEELED FRESH POTATO (10KG),12.0000 
GRIGNON,OLIVE POMACLE OIL 20L,127.9000 
GRNBEE27MG,FROZEN LEAN GROUND BEEF / 2 X 5 KG,57.4500 
GRNCHER,PACK GROUND CHERRY,2.9500 
GRNDBEEF27KGMED,MEDIUM GROUND BEEF / FULL BOX (6X4.5KG),269.7500 
GRNDCHICK,FROZEN GROUNDED CHICKEN REGULAR (5 KG),58.7000 
GRNDLAMB,GROUND LAMB - AGNEAU HACHE / KG,36.7000 
GRNDTURK,GROUND TURKEY (KG),13.0000 
GRP-001,GROUPER WHITE - 5/7OZ - (1X10LBS) - ECUADOR,0.0000 
GRP-006,COURVINE FILET 6-8OZ- S/ON(1X10LBS)-VEN,0.0000 
GRP-007,GROUPER FILLETS 3-5 SKIN OFF 1X25,393.1500 
GRPG,GREEN GRAPES 18LBS,59.9000 
GRPGHALF,( HALF / DEMI ) GREEN GRAPES / RAISIN VERT   =4BAGS,29.9000 
GRPGUN,(BAG) GREEN GRAPES,7.6500 
GRPR,RED GRAPES 18LBS,49.9000 
GRPRHALF,( HALF / DEMI ) RED GRAPES / RAISIN ROUGE   =4BAGS,25.4000 
GRPRUN,(BAG) RED GRAPES,6.6500 
GT1L,BOX GREEN TOMATOES PUTTERS (12X1L),49.9500 
GT20L,PAIL (GT) GREEN TOMATOES (20L),59.4500 
GUAJILL,DRIED WHOLE CHILI GUAJILLO (5LBS),42.5000 
GUM-010,GUMMY KASUGAI MANGO (24X102G),46.9500 
GYOZA650,GYOZA BEEF / 12 X 650G,79.9500 
GYOZACHICK,CHICKEN GYOZA (AU POULET) 4X1KG BOX,0.0000 
GYOZADOUBL,WING - WONTON WRAPPER KOU TIEH DOUBLE THICKNESS / 24 X 340G,70.0500 
GYOZAPORK,PORK GYOZA (AU PORC) 12X1LBS BOX,0.0000 
GYRO SLICED,OLYMPIA 270 FULLY COOKED GYRO MEATLOAF SLICES (20LBS),149.1500 
HALFPEAR,PEAR HALVES IN SYRUP / 2.84L,20.0000 
HALLOUMI,HALLOUMI CHEESE 10KG,219.8000 
HAM,HAM (DESCO),0.0000 
HAMACHI,HAMACHI FILLETS (LB),17.0500 
HAMDICED,SALAMINA - (7020)  COOKED DICED HAM / 5KG,55.2500 
HANGSAA,FRESH HANGER STEAK FRESH AA (KG),21.7500 
HAP-010,POIS WASABI HAPI (12X120GR),28.0000 
HARICBLACK12,BLACK BEANS IN CANS (12X540ML),16.5500 
HARICOTBLACK,CLIC- HARICOT NOIR (2.84L),5.1000 
HARICOTCAN,RED BEANS IN CAN (6X2.84L),38.0000 
HASH,CAVENDISH (4510) HASHBROWN PATTIES (6X5LBS),64.5000 
HATABLUEB,HATA RAMUNE DRINK BLUEBERRY 30X200ML,53.5000 
HATALYCH,HATA RAMUNE DRINK LYCHEE 30X200ML,53.5000 
HATAORANGE,HATA RAMUNE DRINK ORANGE (30X200ML),53.5000 
HATAPEACH,HATA RAMUNE DRINK PEACH 30X200ML,59.9500 
HATASTRAW,HATA RAMUNE DRINK STRAWBERRY 30X200ML,53.5000 
HATAWATERM,HATA RAMUNE - WATERMELON / 30 X 200ML,53.5000 
HAVARTIJAL,HAVARTI CHEESE JALAPENO (APPROX. 3.25KG),65.4500 
HAVARTIJAL2,HAVARTI CHEESE JALAPENO (APPROX. 4.2KG),81.8500 
HBR24L,(2X4L) HOT SLICED BANANA,29.5000 
HBR750,BOX SLICED HOT PEPPERS (12X750ML),49.9500 
HBW24L,(2X4L) HOT BANANA WHOLE,34.7500 
HBW750,BOX HOT BANANE WHOLE 12X750ML,49.9500 
HC24L,(2X4L) HOT CHERRY,31.5000 
HC750,BOX HOT CHERRY PEPPERS (12X750ML),49.9500 
HDCBONEIN,CHICKEN THIGHS / SKIN OFF / BONE *IN* / (KG),9.5500 
HEINEKENZERO,HEINEKEN ZERO (24 X 330ML),39.9500 
HEINZJUICE12,HEINZ - TOMATO JUICE / 12 X 1.36L,46.9500 
HEINZJUICE6,HEINZ - TOMATO JUICE IN CANS (6X2.84L),44.9500 
HEINZKETCHUP4,HEINZ - KETCHUP IN PLASTIC JAR *BIG RED* (4 X 2.84L),48.9500 
HEINZPASTE,HEINZ - TOMATO PASTE (6X2.84L),99.9000 
HELLMANMAYO4,HELLMANNS - MAYONNAISE ** 4.25 L **,25.5000 
HELLOPANBLVAN,HELLO PANDA - BLEU VANILLE / 10 X 57G ,24.2500 
HELLOPANSTRAW,HELLO PANDA - PINK STRAWBERRY / 10 X 57G,24.2500 
HIBISCUS5LBS,FLOR DE JAMAICA - HIBISCUS FLOWER 5LBS,36.7000 
HOLLBR,QUALIFRESH CUBES,35.4000 
HOLLFF,QUALIFRESH 7/16,35.4000 
HOLLSAUC,ROSE HILL - HOLLANDAISE SAUCE MIX / 6X800G,133.7500 
HOLYBASIL,HOLY BASIL FROZEN PACK (125 G),5.0000 
HOM-026,LOBSTER SHELL - FROZEN - (25 LBS/CS),74.9500 
HOM-029,LOBSTER TAILS 4OZ CANADIAN (10LBS),299.7500 
HOM-030,LOBSTER TAILS - FROZEN - (5-6OZ) - (1 X 10 LBS/CS),319.7000 
HOM-061F,FRESH COOKED LOBSTERS - 1.5 - 2 LB - CW - QC,23.0000 
HOM-063F,FRESH LIVE LOBSTERS - 1 - 1.5 LB - CW - QC,14.3500 
HOM-064F,FRESH LIVE LOBSTERS - 1.5 - 2 LB - CW - QC,14.3500 
HOM-077,HOMARD- CHAIR HOMARD CUITES- FIBRES- 5X4KG,0.0000 
HOM-079,FROZEN COOKED LOBSTER MEAT - (12 X 11.3 OZ) - CAN,289.7500 
HOM-079/UNIT,FROZEN COOKED LOBSTER MEAT - (1 X 11.3 OZ) - CAN,26.9500 
HOM-081,LOBSTER MEAT HPP -CK-CRUE-(6X2LB)-CAN,0.0000 
HOM-086,RAW LOBSTER TAIL MEAT - (10 X 1LBS) - VEN,503.5500 
HOM-087,RAW LOBSTER LEG MEAT - (10 X 1LBS) - VEN,261.7500 
HOM-088,LOBSTER MEAT - RAW TAIL 60% AND LEGS 40% - (10 X 1LBS) - VEN,399.6500 
HONEY,HONEYDEWS SIZE 6-8,39.0000 
HONEYBIO1,HONEY BIO (1KG),14.2500 
HONEYKIRK3,KIRKLAND - HONEY (3KG),29.9000 
HONEYLRG,JBO HONEYDEW SIZE 5,35.0000 
HONEYPCS,PCS HONEYDEW JUMBO SIZE #5,9.5000 
HORSRAD,LBS HORSERADISH,8.9500 
HOTDOG01,COCKTAIL HOTDOG / 24 X 450G,41.9500 
HOTDOGPAPER,HOTDOG PRINTED PAPER BAGS (2000UN),58.7500 
HO-YA,SAUCE VIETNAMIENNE AU PIMENT FORT SRIRACHA 1L (LIQUIDATION),3.0000 
HS20L,PAIL HALF SOURS,61.1000 
HSAUCE,BOTTLE HOT SAUCE,17.5500 
HT20L,PAIL SLICED PICKLES,56.4500 
HUILEBEURRE,HUILE AROME BEURRE 3 X 3.78L (LIQUIDATION),49.9500 
ICE,ICEBERG **QC**  LETTUCE,34.0000 
ICECHOC,CHOCOLAT ICE CREAM 11.4 L,30.7000 
ICEHALF,( HALF / DEMI ) ICEBERG LETTUCE / LAITUE ICEBERG  =12,22.0000 
ICEPCS,PCS ICEBERG LETTUCE,1.9500 
ICEVANI,VANILLA ICE CREAM 11.4 L,30.7500 
IMPOSNUG,IMPOSSIBLE FOOD - VEGE. CHICKEN NUGGETS (2X2.27KG),97.7000 
INSBLTS,SUSHI TAXI - BOWL INSERTIONS FOR 24 OZ  (6 X 50UN),40.1000 
INSTANTYEAST,FLEISCHMANNS - INSTANT DRY YEAST / 454G,8.0000 
INSUL,INSULATING SLEEVE / SPIRULINA,56.2000 
INSULATED10.5,INSULATED ALUMINIUM SHEET 10.5X13 (1000UN),35.9500 
IOGOFRAISE,IOGO - STRAWBERRY YOGURT 1.5% 2KG,17.5000 
IOGOPECHE,YOGOURT PEACH 1.5% (2KG),12.1000 
IOGOVAN,IOGO - VANILLA YOGOURT (4 X 2KG),49.9000 
ITALDELSP,ROSE HILL- HERBES ITALIENNES (250G),8.6000 
ITALSAUSSLICED,**DO NOT USE***,51.9500 
ITALSAUSTOPP,SALAMINA - (7010) ITALIAN SAUSAGE TOPPING (5KG),49.9500 
ITLDRESS,GOLDEN ITALIEN BOTTLE,21.3500 
JACKFRUIT,JACKFRUIT,62.7000 
JALPOPP,FROZEN JALAPENO POPPERS (2.5LBS),37.7500 
JALRLB,( POUND ) **RED** JALAPENO PEPPER,15.0000 
JARRGRPFRT,JARRITOS GRAPEFRUIT (24X370ML),41.2500 
JARRLIME,JARRITOS LIME (24X370ML),41.2500 
JARRMANDA,JARRITOS MANDARIN (24X370ML),41.2500 
JARRMANGO,JARRITOS MANGO (24X370ML),41.2500 
JARRPINE,JARRITOS PINEAPPLE (24X370ML),41.2500 
JARRSTRAW,JARRITOS STRAWBERRY (24X370ML),41.2500 
JARRTAMA,JARRITOS TAMARIND (24X370ML),41.2500 
JASROSE,ROSE BRAND - JASMIN RICE 20KG,54.9500 
JBEETS,FRESH - SHREDDED BEETS (5 KG),26.9500 
JICAMA,JICAMA,63.2000 
JPN-001,HAMACHI FILLETS (1.5-2KG) (1X35 LBS) CW J&F,22.4000 
JPN-002,FARM-RAISED HAMACHI FILLET - FROZEN - (2 KGS +/PC) - (11-15 KGS/CS) - JAPAN,0.0000 
JPN-004,HAMCHI FILLETS 25-30 LBS CW AUS,18.9500 
JSHORE,(00050) JERSEY SHORE FRIES,44.2500 
JUICECRAN,CRANBERRY JUICE (2X1.89L),15.9500 
JUICEYUZU,YUZU JUICE 500ML,20.9500 
JUMBOSTRAW,BLACK JUMBO PAPER STRAW 12MM (20 X 100UN),119.9000 
JUSANA,FAIRLEE - PINEAPPLE JUICE / 12 X 1L,44.9000 
JUSLEG1L,VEGETABLE JUICE / 6 X 1L,34.9500 
JUSORANGE,FAIRLEE - ORANGE JUICE / 12 X 1L,38.0000 
KABOSQUA,BUTTERCUP SQUASH,39.5000 
KALAJUMBO,JUMBO OLIVES,94.6500 
KALAMASYR,KALAMANSI SYRUP 500ML,21.9500 
KALAMOLIVE,LARGE OLIVES 8KG,64.9000 
KALAS,KALAS - SEA SALT (3X750G),6.5500 
KALCOL,OLIVES COLOSSAL,108.0000 
KALE,KALE GREEN (X24),46.9000 
KALEHALF,( HALF / DEMI ) GREEN KALE / KALE VERT,23.8000 
KALEPCS,PCS KALE,2.2500 
KALPIT,PITTED KALAMATA OLIVES ( 7KG ),82.9000 
KALSLICE,SLICED KALAMATA OLIVES (10KG),92.7000 
KANISHRED,SHREDDED KANIKAMA (12X2.5LBS),154.8500 
KAP,KAPOW - DUMPLING PORK & VEGETABLE / 4X1KG,58.5000 
KAPCHIK,KAPOW - DUMPLING CHICKEN & VEGETABLE / 4X1KG,59.9000 
KAPKIMCHI,KAPOW - DUMPLING KIMCHI & CHICKEN / 4X1KG,58.5000 
KAPKIMPOR,KAPOW - DUMPLING KIMCHI & PORK / 4X1KG,58.5000 
KAPSPRING,KAPOW - VEGETABLE SPRING ROLL 1OZ / 200UN,47.9500 
KAPVEG,KAPOW - DUMPLING VEGETABLES / 4X1KG,61.9000 
KAPWAG,KAPOW - DUMPLING WAGYU BEEF / 4X1KG,68.8500 
KARNATZEL,BEEF KARNATZEL / KG,17.7500 
KASURI,KASURI METHI - KAMAAL / 6 X 1 KG,91.9000 
KEFACHEESE,KEFALOGRAVIERA CHEESE - CHELMOS,334.7000 
KETCH12X375,HEINZ - KETCHUP SQUEEZE BOTTLE / 24 X 375ML,53.9500 
KETCHUP2X1.25L,HEINZ - KETCHUP (4 X (2X1.5L)),58.9500 
KETCHUP4L,KETCHUP (4 X 4L),58.9500 
KETCHUPSACH,KETCHUP PACKETS (X1000),58.9500 
KEWPIEMAYO,KEWPIE JAPANESE MAYONNAISE (20 X 450G),104.9000 
KIDNB,KIDNEY BEANS 4KG,25.4500 
KILOCAR,KILO BEAUX GATEAUX - CAROTTES,37.9500 
KILOCHOCO,KILO BEAUX GATEAUX - DOUBLE CHOCOLAT 12,69.6500 
KILODULCE,KILO BEAUX GATEAUX - DULCE DE LECHE,46.0000 
KILOFROM,KILO BEAUX GATEAUX - FROMAGE NATURE 3 AVEC GRAHAM,67.5500 
KILOMNTBLC,KILO BEAUX GATEAUX - MONT-BLANC AUX FRAMBOISE,37.8000 
KILOMOUSSE,KILO BEAUX GATEAUX - MOUSSE AU CHOCOLAT NOIR,58.6500 
KILOPACANE,KILO BEAUX GATEAUX - TARTE AUX PACANES,28.0000 
KILOTIRA,KILO BEAUX GATEAUX - TIRAMISU MASCARPONE,58.6500 
KILOVELOUR,KILO BEAUX GATEAUX - VELOURS ROUGE ET FRAMBOISES,37.9500 
KIMCHIFRESH,FRESH KIM CHI 10KG,72.9500 
KIMCHISAMYANG,SAMYANG - KIMCHI RAMEN / 20 X 120G ,29.5500 
KINGOY,ORGANIC KING OYSTER MUSHROOMS (3LBS),39.9500 
KIWI,KIWI,64.9500 
KIWIHALF,( HALF / DEMI ) KIWI,33.1500 
KIWIPCS,PCS KIWI,0.9500 
KIZAMI,KIZAMI SHREDDED SEAWEED,10.1000 
KLEENEX20,SCOTTIES -  KLEENEX TISSUES 2 PLY / X20,34.9000 
KNIFEPLAST,PLASTIC KNIFES (1000UN),18.0000 
KODIAKBLUE,KODIAK - FOOD SERVICE BLUE CLOTHS (200UN),20.0000 
KOHLRABI,GREEN KOHLRABI (24UN),84.9000 
KOPAN,KOPANISTI (CARDINAL DU NORD),0.0000 
KPCHEESE,KINGSEY - POUTINE CHEESE CURDS 50 X 60G,55.9000 
KRACHAI,PICKLED KRACHAI BOX (24 X 454G),114.9000 
KRACHAIBOX,PICKLED KRACHAI UNIT (454 G),5.7000 
KRAFTBOX2,#2 TAKEOUT KRAFT BOX (160UN),51.0500 
KRAFTBOX3,#3 TAKEOUT KRAFT BOX (200UN),40.9500 
KRAFTCHOU,KRAFT - COLESLAW SAUCE - (2 X 3.78L),67.9500 
KRAFTCUP4OZ,KRAFT PAPER CUPS 4OZ BASE ONLY (1000UN),64.5000 
KRINFET,KRINOS - FETA CUBES / 3KG,45.2500 
KUMQUAT,KUMQUAT,60.8500 
LACHAUD80,(544) - LA CHAUDIERE - POUTINE CHEESE IN SMALL BAGS (80 X 80GR),123.8500 
LACHAUDIEREFROM,(508) - LA CHAUDIERE - SMALL GRAIN POUTINE CHEESE / 4 X 2KG,117.9000 
LACHAUDIEREUNIT,(508) - LA CHAUDIERE - SMALL GRAIN POUTINE CHEESE / 2KG (UNIT),29.9500 
LACTFREEYOG,LACTOSE FREE VANILLA YOGURT 2KG,17.5000 
LAITGODET200,MILKER 2% (100 X 15ML),7.0000 
LAMBLEGBL,BONLESS LAMB LEG / KG,18.3500 
LAMBLOIN,FROZEN LAMB LOIN CHOPS (KG),32.8500 
LAMBRACK,FROZEN LAMB RACKS (KG),45.9500 
LAMBSHANK,FROZEN LAMB SHANKS (KG),17.2000 
LAMBSHOULDER,FROZEN LAMB SHOULDER / BONE OFF (KG),18.7000 
LANCASTER,6 INCH DENTELLE LANCASTER (1000 UNITS),31.9500 
LANTHIERBUNS,LANTHIER - BRIOCHE BURGER BUNS (14X6UN),55.5500 
LAVACAKE,MOLTEN LAVA CAKE PORTIONS (24UN),99.9000 
LCBLOCKBL,ARMSTRONG - BLOCK WHITE CHEDDAR CHEESE (2.25KG),39.9500 
LCBLOCKJAU,ARMSTRONG - BLOCK YELLOW CHEDDAR CHEESE (2.25 KG),39.9500 
LCBLOCKMARB,ARMSTRONG - BLOCK MARBLE CHEDDAR CHEESE (2.25 KG),39.9500 
LCCHEDRAP,(2010) LA CHAUDIERE - SHREDDED WHITE CHEDDAR CHEESE (2 KG),34.9500 
LCTRANCHEBL,LA CHAUDIERE - SLICED WHITE CHEESE PORTIONS (12 X 21G),8.9500 
LCTRANCHEMAR,LA CHAUDIERE - SLICED MARBLE CHEESE PORTIONS (12 X 21G),8.9500 
LEA&PERRINS,LEA PERRINS - WORCESTERSHIRE SAUCE (2 X 3.7 L),71.9500 
LEAFLET,LEAF GREEN LETTUCE (24UN),26.0000 
LEAFLETHALF,HALF LEAF GREEN LETTUCE (24UN),18.0000 
LEAFLETRED,RED CURLY LEAF LETTUCE (24UN),32.6500 
LEAFPCS,PCS LEAF LETTUCE,1.5000 
LEEKPCS,PCS LEEKS,2.9500 
LEEKS,1 DOZEN LEEKS  (X12),24.9500 
LEEKSLICE,FRESH PRECUT SLICED LEEKS (5 KG),45.2000 
LEGJOUR,FROZEN DAILY VEGETABLE / 2 KG,19.1500 
LEM,LEMONS / CITRON,52.9000 
LEM2,LEMONS #2**,31.0000 
LEMGRASGRND,LEMONGRASS GROUNDED / CitronNelle rapee congelEE 454g,5.3500 
LEMGRASS,LBS FRESH LEMONGRASS,104.2000 
LEMGRASS2,LBS LEMON GRASS,3.5000 
LEMHALF,( HALF / DEMI ) LEMON / CITRON,26.9500 
LEMONGRASS1KG,FROZEN CHOPPED LEMONGRASS 20X1KG,89.9000 
LEMONJUICE38,REAL LEMON - LEMON JUICE 3.8L,13.7500 
LEMPCS,( PCS ) LEMONS,0.6500 
LENTGRE,GREEN LENTILS (10KG),28.0000 
LENTRED,RED LENTILS / 10KG,28.9500 
LETUBOS,**AQUA VERTI** BOSTON LETTUCE (2 X 1.5LBS),25.7000 
LGEGGS,LARGE WHITE EGGS (15X12UN),53.5500 
LID1OZ,LIDS FOR PORTION CUP 1OZ (2500 UNITS),17.2000 
LID32REG,LIDS 150 MM FOR REGUALR KRAFT BOWL 34 OZ (300 UNITS),31.5500 
LIDS1020,CLEAR LIDS DOME FRO CUPS OF 10 TO 20 OZ,27.2500 
LIDS12OZ,LIDS FOR 12OZ CUPS / CAFE CIOCIAROS,44.2500 
LIDS165,LIDS FOR 16OZ DRINK CUPS,28.8500 
LIDS325,LIDS FOR PORTION CUPS CLEAR 3.25 & 4OZ (2500UN),39.9500 
LIDS40Z,LIDS FOR 4OZ CUPS / CAFE CIOCIAROS,32.2500 
LIDS4BOL150,CLEAR LIDS #150 FOR 26OZ BOWL,29.9500 
LIDS4BOL165,CLEAR LIDS #165 FOR 38OZ BOWL (300UN),31.5500 
LIDS4BOL90,CLEAR LIDS #90 FOR 8OZ BOWL,20.7500 
LIDS4BOL97,CLEAR LIDS #97 FOR 16 OZ BOWL / 500 UNITS,21.1000 
LIDS5,LIDS FOR PORTION CUP 5.5 OZ / 2500 UNITS,41.9500 
LIDS8OZ,LIDS FOR 8OZ CUPS /CAFE CIOCIAROS,41.7000 
LIDSALUM7,PLASTIC DOME LIDS 7 INCH FOR ALUMINUM PLATES (500UN),19.2500 
LIDSALUM8,PLASTIC DOME LIDS 8 INCH FOR ALUMINUM PLATES (500UN),34.9500 
LIDSALUM9,PLASTIC DOME LIDS 9 INCH FOR ALUMINUM PLATES (500UN),32.0500 
LIMBB,BIG BOX LIMES SIZE 200,43.9000 
LIMBBHALF,(HALF / DEMI) BIG BOX LIMES = 100 UNITS,22.1000 
LIME,SMALL BOX LIMES,19.7500 
LIME175,LIMES (BIG BOX) SIZE 175,43.9000 
LIMELEAF,FRESH LIME LEAF PACK,8.9500 
LIMESTONE,LIME STONE PASTE (100 G),4.5000 
LIMPCS,( PCS ) LIME,0.3500 
LINGU,LINGUINE 20 INCH / 20LBS,36.9500 
LIQUIDEGG,FRESH LIQUID WHOLE EGG / 20KG,113.9000 
LIQUIDGLU,LIQUID GLUCOSE 20KG,68.9000 
LKKSACH, HOISIN SAUCE PORTION BAG/  500 X 7G ,39.2500 
LOBTAIL55,LOBSTER TAILS SPLIT 5.5 OZ CANADIAN (8.25LBS),284.7500 
LOGSALAMI,LOG SALAMI / KG,0.0000 
LONGEPOR,FRESH PORK LOIN (KG),6.2000 
LOTROOT,LOTUS ROOT,88.9000 
LOU-002F,DO NOT USE,0.0000 
LOU-003F,ATLANTIC SEA BASS - FRESH - (800/1000 G) - CYPRUS,0.0000 
LOU-007F,DO NOT USE,203.8000 
LOU-024F,FRESH SEA BASS - 400-600 - LBS - TURKEY,9.8500 
LOU-025F,FRESH SEA BASS - 600-800 - LBS - TURKEY,10.6500 
LOU-026F,FRESH SEA BASS - 800-1000 - LBS - TURKEY,12.4000 
LOU-033F,ATLANTIC SEABASS - FRAIS - (800/1000G) - GREECE,13.9500 
LOUMIFF,(BCI00256) - MCCAIN BREW CITY BEER BATTERED SKIN ON MAXI FRIES (6 X 5LBS),57.9500 
LTE-002F,FRESH MONKFISH TAIL - CW - GASPÉSIE,0.0000 
LWMASH,LAMB WESTON -  YUKON MASH POTATO (M0011),69.0000 
LYCHEE,FRESH LYCHEE (10 LBS),73.2000 
MACAR9KG,MACARONI 9.07KG,39.9500 
MACARICOPIRI,MACARICO - PIRI-PIRI SAUCE / SAUCE PIRI-PIRI (6 X 2.1L),86.9000 
MACHELET,MACHE LETTUCE (9 X 125GR),35.4500 
MADFF,CAVENDISH - SELECT PLUS 1/4 SKIN ON,40.0500 
MAH-001,MAHI-MAHI- FILLETS 1-3LBS IVP  (1X50LBS) PERU,636.9500 
MAH-010,MAHI-MAHI PORTIONS 1/3 OZ - 10 LBS,47.5000 
MAH-011,MAHI MAHI 1-20Z- 10LB/CS,0.0000 
MAISENT,WHOLE BABY CORN (6 X 2.84L),79.9500 
MAMAFF,3/8 ZARRA FF,31.5500 
MAMANOOD,MAMA - TOM YUM INSTANT NOODLE / (20 X 90G),20.0000 
MANDA5,5 POUNDS MANDARINE,16.5000 
MANDALEAF,BIG BOX MANDARIN WITH LEAF,46.8000 
MANGO,MANGO *MEDIUM SOFT* ( 6 TO 8 PCS - 4 KG ),17.5000 
MANGO15KG,FROZEN MANGO PUREE (10% SUGAR) / 15 KG,189.8500 
MANGOATAULFO,MANGO ATAULFO (4KG),23.9500 
MANGOFIRM,MANGO *HARD* ( 6 TO 8 PCS - 4 KG ),17.5000 
MANGOFIRMPCS,( PCS ) *HARD* MANGO,2.7500 
MANGOPURE,FROZEN MANGO PUREE (6X1KG),84.9000 
MANICO,O SOLE MIO - FROZEN MANICOTTI CHEESE SPINACH (60UN),61.2000 
MAPLELEAF,MAPLE LEAF - CHICKEN NUGGETS (4KG),51.8500 
MAPLELEAFBURGER,MAPLE LEAF - CRISPY CHICKEN BREAST BURGERS (4KG),57.7000 
MAPLELEAFFILLETS,MAPLE LEAF - CRISPY CHICKEN FILLETS (4KG),67.7000 
MAPLESYR,MAPLE SYRUP IN CANS (24X540ML),199.8000 
MAPLESYRUPBERNARD,BERNARD PURE - MAPLE SYRUP 4L,62.2500 
MARG,MARGARINE SAPORITO (13KG),47.5000 
MARG17,MARGARINE / 1.7KG,11.4000 
MARGGOLD,GOLDEN GATE- MARGARINE 13KG,40.7000 
MARGSOY,MARGARINE SOYA 4KG,31.9500 
MARIOFF,(5315) 3/8 CLEARCOAT CAVENDISH,33.0000 
MARJ,WHOLE MARJORAM (5LBS),35.7000 
MARMPORT,GOOD MORNING - ORANGE JAM PORTION / 200X10ML,22.5500 
MARU-010,HIME MARU AMANOYA (20X98G),46.9500 
MASCARPONE,SAPUTO - MASCARPONE (2 X 2KG),79.9500 
MASECA,MASECA - GLUTEN FREE INSTANT CORN FLOUR (1.8KG),12.8500 
MASTERARC,MASTER BOX ARCADIAN MIX (4X3LB),48.7000 
MATZBALL,MATZOH BALL MIX,57.0500 
MAX38,MAX FRITES 3/8 CONGELEE / STRAIGHT CUT / 6X2.27KG,36.3500 
MAYO,SAMANTHA MAYONNAISE (16 LT),83.6500 
MAYO12X340,HELLMANN'S - MAYONNAISE SQUEEZE BOTTLE / 12 X 340ML,63.9000 
MAYOD,DAMEN MAYONNAISE (15LT),56.5000 
MAYOSPICY378,HELLMANS - SPICY MAYONNAISE (2 X 3.78L),69.9500 
MAYOVEGE,MAYONNAISE VEGAN (2 X 3.78 L),109.8500 
MC120,POMME MCINTOSH CLASSEE #120,49.9500 
MCOR,MCCAIN (482309) ONION RINGS (4KG),32.7500 
MCPLANK,MCCAIN (497393) SWEET PLANK,54.0500 
MCSAV,MCCAIN (2453) SAVORY WEDGES,75.2000 
MEATPAP525,MEAT PAPER 5.25X5.25 (1000UN),11.9500 
MEDEGGS,MEDIUM WHITE EGGS CANADIAN (15X12UN),53.7000 
MEDOLIVEOIL,MEDITERRANEAN OLIVE OIL 18 LITRES,258.7500 
MELANGELEGUME2KG,MIX PEI FROZEN (PRINCE EDOUARD) BAG 2KG,10.1000 
MELCAR,MELASSE CAROB 12X500ML,68.9000 
MELILO,ESSENCE DE MELILOT 130ML,33.7000 
MELOMAK,MELOMAKARONA FEDON / 15 X 400GR,100.0000 
MELPOM,MELASSE POMMEGRENADE 24X350G,77.9500 
MELPOMUNIT,MELASSE POMMEGRENADE / 350G,5.0000 
MENPEP25,***DO NOT USE***,89.5000 
MEXICHEESE,MEXI-MIX - SHREDD. MONTEREY AND CHEDDAR STYLE CHEESE / 2KG,23.6000 
MEXPIE,UNCOOKED MEXICAN MEAT PIE 8 INCH (10 X 510 GR),83.9000 
MIAMIFF,3/8 ZARRA FF,0.0000 
MICRO,MINI MESCLUN / FLOWERS (100GR),14.5000 
MICROBAS,(50G) PACK MICRO GREEN BASIL,13.7500 
MICROBE,(50GR) RED MICRO BEETS,13.0000 
MICROCEL,(50GR) PACK MICRO CELERI ,12.8500 
MICROCENTAR,(27G) CENTAUREE EDIBLE FLOWER,20.6000 
MICROCOR,(75GR) PACK MICRO CORIANDRE,13.7500 
MICRODIAB,(200G) PACK MICRO DIABOLIQUE,21.9500 
MICRODIANTHUS,(20GR) PACK DIANTHUS EDIBLE FLOWER,21.9500 
MICROEX,(250GR) MICRO EXTREME,33.4500 
MICROGERAN,(9GR) PACK GERANIUM EDIBLE FLOWER,20.9000 
MICROMIX,(100UN) PACK FLOWERS MIX EDIBLE,26.7000 
MICROPENS,(16GR) PACK PENSEE FLOWER,22.5000 
MICROPETLJB,(5GR) PACK DEHYDRATED PETALS BLUE & YELLOW,17.5000 
MICRORAD,(125G) PACK MICRO RADIS ,0.0000 
MICROROQ,(100GR) MICRO ROQUETTE,13.0000 
MICROSOR,MICRO BLOOD SORREL (75GR),14.2500 
MICROSOUCIS,(38G) PACK SOUCIS EDIBLE FLOWER ,20.9000 
MICROTAGE,(14GR) PACK TAGETES EDIBLE FLOWER,22.5000 
MICROTAT,(75GR) PACK MICRO TATSOI,13.0000 
MICROTOURN,MICRO TOURNESOL 75G,8.0000 
MICROVIOLA,(9G) PACK VIOLA  EDIBLE FLOWER,21.9500 
MILK1L2,MILK / LAIT 2% -  (16 X 1 L),42.9500 
MILK2,2% MILK BOX (9 X 2L) - LAIT 2% BOITE,48.9500 
MILK2L2,MILK 2% - 2 LITERS,5.7000 
MILK2L3,MILK  3.25% - 2 LITERS,5.9500 
MILK38,GRAND-PRE - BARISTA MILK -  6 X 1L,23.9000 
MILK4L3,MILK / LAIT 3.25% - 4 LITERS BAG,10.2500 
MILKBUTTER1,BUTTERMILK /  1L,5.0000 
MILKCARN,CARNATION - EVAPORATED MILK (6X354ML),14.4500 
MILKCHOC,ION - MILK CHOCOLATE (10X100GR),29.7500 
MILKCHOCHAZ,MILK CHOCOLATE HAZELNUT (10X100GR),29.7500 
MILKCOCO24,AROY-D COCONUT MILK IN CAN 24X400ML,56.9500 
MILKIS,LOTTE MILKIS MILK&YOGURT DRINK PEACH 6X250ML,32.5500 
MILKLF2L2,LACTOSE FREE MILK 2% / 2L,7.5000 
MILKLUCKSW,LUCKY SWEETENED CONDENSED MILK (24X300ML),77.9500 
MILKSKIM,SKIM MILK 0% 2L,5.7000 
MINIBROWNIE,MINI BROWNIE / 40 X 70G,59.9500 
MINICHEESE,MINI TRIANGLE CHEESE PIES (12X400GR),59.5000 
MINICHOCO,MINI CHOCOLATINE (2 X 400G),13.9500 
MINICONE78MM,MINI CONE 78MM (140 UNIT),95.4000 
MINICROIS,MINI CROISSANT (2 X 350G),10.0000 
MINILIMEJ,MINI LIME JUICE / 200ML,5.0000 
MINIPANC,EGGO - MINI PANCAKES (64 X 35GR),23.9500 
MINIRADIS,MINI RADIS VERT 125GR,12.8500 
MINITWSPIN,MINI FILO TWIST SPINACH PIE (6X1KG),49.5000 
MINT,BOX MINT / MENTHE X12,10.0000 
MINTBIGBOX36,MINT BIG BOX FRESH (36UN),29.5000 
MINTPCS,( PCS ) FRESH MINT,1.0000 
MIOLA,MIOLA / 1KG,41.9500 
MIRIN189,KIKKOMAN - MIRIN KOTTERIN / 18.9L,79.9500 
Misc-001,FISH BONES (FULL CASE),0.0000 
MISO20KG,SOYBEAN PASTE MISO / 20KG,69.9500 
MIX CALIF,FROZEN CALIFORNIA MIX VEG. (6X2KG),41.2500 
MIX ITAL,FROZEN ITALIAN MIX VEG. (6X2KG),37.8500 
MIX ORIENT,FROZEN ORIENTAL MIX VEG.(6X2KG),56.5000 
MIX REGULAR,FROZEN REGULAR MIX VEG. (6X2KG),39.6000 
MIXARC,ARCADIAN MIX SALAD *BAG* 3LBS,13.7500 
MIXITALPCS,ITALIAN MIX VEGETABLES (2KG),6.3500 
MIXORIENTUNIT,FROZEN ORIENTAL MIX VEG / 2 KG,13.0000 
MIXPEI,MIX P.E.I. FROZEN (PRINCE EDWOUARD) 6X2KG,49.9000 
MIXREGPCS,FROZEN REGULAR MIX VEGETABLES (2KG),6.6500 
MIXS,MIX SALAD 3LBS,15.4500 
MIXS3WASH,MIX SALAD (CLASSIC TRIPLE WASHED) 3LBS,13.7500 
MIZKANMIRI,MIZKAN HONTERI (MIRIN) 5 GALLON (20L),105.9000 
MIZUMINI,(100GR) PACK MINI MIZUNA,13.7500 
MIZUREDMINI,(100G) PACK MINI MIZUNA RED,11.7500 
MOCHISTRAW,MOCHI CAKE STAWBERRY 200X12,64.9500 
MOGH,MOGHRABIEH PEARL 10X907G,56.9500 
MOISTTOWELWIN,SUAVE - MOIST TOWELETTE (X1000),21.0000 
MOLOK,MOLOKHIA / 6X200G,33.9000 
MONOSODAJI,AJINOMOTO - MONOSODIUM GLUTAMATE 50LBS,146.8000 
MONOSODRED,RED DRAGON - MONOSODIUM GLUTAMATE 50LBS,74.9000 
MONTJACK,MONTEREY JACK CHEESE BLOCK (4 X 2.25KG),159.8500 
MONTORIG,MONTELLIER - CARBONATED WATER / 24 X 355ML,15.9500 
MOPHEADBLUE,BLUE MOP HEAD (X2),15.0000 
MOR-004,COD LOINS 4 OZ PACIFIC (10LB),0.0000 
MOR-004F,COD - FRESH - FILLET - (8/14 OZ) - (10 LBS/CS),0.0000 
MOR-005,PACIFIC COD LOINS - FROZEN - (5/6OZ) - (1X10LBS) - IQF,0.0000 
MOR-005F,FRESH COD FILLETS - 12/14 OZ - (10 LBS/CS) - USA,149.9900 
MOR-006F,FRESH COD CHEEKS - (10LBS/CS) - ICELAND,114.9000 
MOR-007,COD LOIN 5OZ - (1 X 10 LBS) - PACIFIC,95.9500 
MOR-008,COD PORTIONS- 6 OZ - 1X10LB - J&F,74.9500 
MOR-009,COD LOIN 6 OZ - IQF - (1 X 10 LB) - BLUETIDE,119.9000 
MOR-010F,COD - FRESH - WHOLE  - HEAD OFF - SKIN ON - ICELAND,16.9500 
MOR-011,(DO NOT USE) PACIFIC COD LOINS - FROZEN - (7OZ) - (1X10LBS) - IQF,0.0000 
MOR-012F,COD LOIN / 20 OZ / FRESH - CW - ICELAND,24.7500 
MOR-013F,COD FILLETS 12OZ FRESH CW ISLANDE,22.1500 
MOR-018F,Morue filets 12+oz -(11.02LBS) -  Islande,0.0000 
MOR-019,COD FILLETS  12-16OZ-  - 3X15LBS TERRENEUVE,705.8500 
MOR-020F,COD CHEEKS ICELAND - FRESH - 1 X 10 LB,170.3500 
MOZZRACOLLI,RACOLLI MOZZARELLA A PIZZA RAPEE 2.27KG,38.0000 
MOZZSTICKS,MCCAIN - MOZZARELLA CHEESE STICKS BREADED (5LBS),49.9000 
MRCAJBOL,MR CAJUN- BOL 1500 ML SALAD BOX (600UN) 75.5X56.5X44.5 CM,5.0000 
MRCAJBOLS,MR CAJUN- BOL 500 ML SALAD BOX  (600UN) 62X45.5X43 CM,5.0000 
MRCAJCHK,MR CAJUN- CHICKEN BOX (850UN),5.0000 
MRCAJCTL,MR CAJUN- COUTELLERIE BOX (500UN) 56X23X27 CM,5.0000 
MRCAJCV,MR CAJUN- LIDS COUVERCLE POUR BOL 1500ML (300UN),5.0000 
MRCAJCVSMALL,MR CAJUN- LIDS COUVERCLE ****** 500ML (600UN),5.0000 
MRCAJSAC,MR CAJUN- SAC AVEC POIGNEE (BROWN BOX 275UN),7.7500 
MRCAJSAC2,MR CAJUN- SAC AVEC POIGNEE (GREEN BOX),7.7500 
MRCAJSAUCE,MR CAJUN SAUCE IN PAIL (FROZEN),3.0000 
MRCAJWP,MR CAJUN- WIPES (X2000) 53X34X23 CM,5.0000 
MRKMIX,MR K MIX,128.6500 
MRNET,MR NET - ALL PURPOSE CLEANER (5.2L),17.7500 
MSG4KG,ROSE HILL - MONOSODIUM GLUTAMATE 4KG,38.8000 
MSS-001,COOKED BLUE MUSSELSS,0.0000 
MSS-003,FROZEN GREEN MUSSEL -  HALF SHELL (12 X 2LBS)  SANFORD - NEW ZEALAND,154.8500 
MSS-005F,MUSSELS - FRESH - (25 LBS/BAG) - PRINCE EDWARD ISLAND,59.9500 
MSS-006F,MUSSELS - ORGANIC - 1 X 2LBS - P.E.I,6.0000 
MSS-010,MUSSEL MEAT - FROZEN - (100/200) - (20X500GR) - (10KG) -IQF -CHILE,203.8000 
MU44L,MUSTARD 4X4L,46.4500 
MUSH,#2 ** MUSHROOMS / CHAMPIGNON BLANC #2  (5LBS),17.7500 
MUSH1,#1 MUSHROOMS / CHAMPIGNON BLANC #1  (5LBS),17.7500 
MUSHBUT,BUTTON MUSHROOMS (5LBS),19.7500 
MUSHCAFE,CAFE MUSHROOMS (5LBS),17.7500 
MUSHCELLO,WHITE CELLO MUSHROOM (12UN),25.2000 
MUSHCELLOPCS,1PACK CELLO WHITE MUSHROOM (225GR),2.4000 
MUSHDRY,DRIED MUSHROOMS MIX (454G),25.0000 
MUSHENOKI,ENOKI MUSHROOMS,89.7000 
MUSHSEAFD,SEAFOOD MUSHROOM,49.4500 
MUSHSLICE,SLICED MUSHROOMS (5LBS),14.3500 
MUSTDIJON,KNORR - DIJON MUSTARD (5.3L),58.9500 
MUSTFRENCH2,FRENCHS - YELLOW MUSTARD (2 X 2.84L),15.0000 
MUSTREDMINI,(100GR) PACK MINI MOUTARDE ROUGE,12.8500 
MUSTS,MUSTARD SEEDS (780G),18.2500 
MUSTSOUR,SOUR MUSTARD (300G),3.8000 
MUTTI,MUTTI - TOMATO SAUCE / 6 X 796ML,25.0000 
MVPFF,(5315) 3/8 CLEARCOAT CAVENDISH,33.0000 
MYOJORAM,MYOJO RAMEN IZAYAKA / 30 X 120G,40.2500 
N20,WHIPPED CREAM CHARGER LITTLE BOX -  (X10),13.9500 
NAAN,RIVAJ - NAANS BREAD (12UN),8.0000 
NANGFA,NANG FA BOX (24X),149.8500 
NANGUNIT,NANG FA UNIT,5.5000 
NANT,COLOR NANTAISE CARROTS (25LBS),65.9500 
NANT10,COLOR NANTAISE *JUMBO* CARROTS (10LBS),23.4500 
NANTBOX3C,BOX NANTAISE COLOUR CARROTS (15X1LB),46.9500 
NANTOR,ORANGE NANTAISE CARROTS (25LBS),55.9500 
NANTOR5,LBS ORANGE NANTAISE CARROTS,2.7500 
NANTORBOX,BOX NANTAISE ORANGE CARROTS (15X1LB),35.1500 
NAPKBLK,BLACK COCKTAIL NAPKIN / 2-PLY / 1000 UNITS,33.0000 
NAPKDISP,INTERFOLD DISPENSER WHITE NAPKINS / 1-PLY / 20 X 300 UNITS,43.9500 
NAPKIN1PLY,SUAVE - 1-PLY DINNER NAPKINS - 12 X 250,70.8000 
NAPKWHITE,DINNER NAPKIN / 1 PLY / 6000 UNITS,42.9900 
NAR-010,NARUTOMAKI FISH CAKE - (20 X 135G),69.9000 
NAVET,ESMA - PICKLED TURNIPS SLICED (18L),38.0000 
NECTAR,NECTARINES,44.9000 
NECTARHALF,( HALF / DEMI ) NECTARINE,23.9000 
NECTARPCS,PCS NECTARINE,0.7500 
NETBEARDWH,WHITE BEARD NET (10X100),44.7000 
NETHAIRBLK,BLACK HAIR NET (X100UN),21.2500 
NICKBREAD,BREAD OR BAGELS FOR NICKEL'S,0.0000 
NICOISE,NICOISE (CASE),56.9000 
NICOISEPCS,PCS NICOISE,5.5000 
NOODHM,HANDMADE NOODLES / 18 X 440G,52.9500 
NOODPOKERAM,INDIVIDUAL RAMEN PACKETS / NOODLES (60 X 120G),56.9500 
NOODSYOR,SAMYANG - RAMEN NOODLES (ORANGE BAG) 20 X 120G,29.9500 
NOODSYSEA,SAMYANG - SEAFOOD PARTY NOODLES,33.0000 
NOODUDON,FROZEN UDON NOODLES SANUKI / 8 X 1.25KG,44.9500 
NOODWONT,WONTON NOODLES/  8 X 5LBS,120.0000 
NOR7/16,(4580) DARK RED NORLAND 7/16 FRENCH FRIES,46.5000 
NORIFULL,NORI GOLD FULL SHEET (4000UN) BIG BOX,659.4000 
NORIGFULLSMALL,NORI GOLD *FULL* SHEET SMALL CASE (1000UN),167.8500 
NORIGHALF,YAMADA - NORI GOLD *HALF* SHEET BIG BOX / 4 X 1000UN,659.4000 
NORIGHALFUNIT,YAMADA - NORI GOLD *HALF* SHEET SMALL CASE (1000UN),167.8000 
NORIKIZA,GOLDEN SEA NORI - KIZAMINORI (20 X 100G),152.8500 
NORINAG,NORI FULL NAGAI BOX,149.8500 
NORIYMYJUN,*JUN* ROASTED NORI SEAWEED (FULL SHEET) / 10 X 50,304.7500 
NPEANUTB,PEANUT BUTTER SMOOTH - NUTS TO YOU NUT BUTTER INC / 4.09KG,29.9000 
NSF,NSF REINVOICING OF NSF CHECK #,0.0000 
NUTELLA3KG,NUTELLA 3KG,32.2000 
NUTMEGGRND,GROUND NUTMEG (455G),8.8000 
NUTRIGRAINBARRE,NUTRIGRAIN - GRANOLA BAR (X16),14.2500 
NUTSCRUSH,CRUSHED NUTS (500G),25.0000 
NUVEL,NUVEL - PLANT BASE MARGARINE (12 X 800GR),92.9500 
OASAPP12,FAIRLEE - APPLE JUICE  / 12 X 1L,29.9500 
OASAPP300,OASIS - APPLE JUICE / 24 X 300ML,22.7500 
OASOR24,OASIS - ORANGE JUICE / 24 X 300ML,26.5000 
OBAPPLE,OB SPARKLING WATER APPLE 24X330ML (DRAGONBALL),45.7500 
OBC-002F,FRESH WHOLE ARCTIC CHAR - LBS,14.7500 
OBC-003F,ARCTIC CHAR - FRESH - FILLETS (10 LB/CS),14.3800 
OBC-004F,ARCTIC CHAR WHOLE 2-4 LBS CW,15.9500 
OBSPRKS,OB SPARKLING WATER ORANGE 24X330ML (DRAGONBALL GOKU),39.5500 
OBWATERMELON,OB SPARKLING WATER MELON 24X330ML (DRAGONBALL),45.7000 
OBWHITEGRAP,OB SPARKLING WATTER WHITE GRAPE 24X330ML (DRAGONBALL),45.7000 
OCT-005,BABY CLEAN OCTOPUS 16/25 - (10 X 2LB) - SEA RAY,149.8500 
OCT-014,WHOLE OCTOPUS T3 - 12 KG - MOROCCO,349.7000 
OCT-014-CW,OCTOPUS - FROZEN - T3 - CW - MOROCCO,0.0000 
OCT-020*,OCTOPUS - FROZEN -T4 - (12KG - 26.46LBS/CASE) - MOROCCO,421.6500 
OCT-021,OCTOPUS T5 (26.4LBS/BOX) CW MOROCCO,0.0000 
OCT-022,OCTOPUS T2 - FROZEN - (1X30 LBS) - MOROCCO AQUASEA,427.1500 
OCT-023,OCTOPUS FROZEN T7 - 1X12KG - MAROC,0.0000 
OCT-033,OCTOPUS TENTACULES - T3 - 6 KG - MOROCCO,209.8000 
OCT-036,WHOLE OCTOPUST5 -CW-ESP,0.0000 
OCT-037,OCTOPUS T6 WHOLE (1X10 KG) MDG,174.8500 
OCT-040,WHOLE OCTOPUS 6-8 LBS - CLEANED - (1 X 30 LBS) - PHILIPPINES,311.7000 
OCT-041,WHOLE OCTOPUS 8UP - CLEANED - (1 X 30 LBS) - PHILIPPINES,290.7500 
OCT-137,WHOLE OCTOPUS - T4 - (1 X 30 LB) - SPAIN,298.7000 
OCTOTAKOLEG,OCTOPUS MIZU TAKO LEG 4-6P (2.2LBS),42.9500 
OEUFBLANC,OEUF BLANC LARGE DANS CARTON (15 DOUZAINE) - LARGE WHITE EGGS IN CARTONS,62.9500 
OEUFS12X12,HARD BOILED EGGS / 12X12,69.9500 
OIGNDES,5KG PRECUT DICED RED ONION,29.9500 
OKRA,FRESH OKRA (FRAIS),68.7000 
OLDBAY,OLD BAY SEASONING (680G),15.7500 
OLIVECERIGN,OLIVE CERIGNOLA (1.5L),13.9500 
OLIVEOIL,BOX ARISTON  OLIVE OIL 6X3L,204.9000 
OLIVEOILSUM,SUMMUM - OLIVE OIL (3L),34.9500 
OLIVEOILTRUF,TRUFFLE OLIVE OIL (6 X 250ML),104.9000 
OLIVEPARTY,"PARTY MIX OLIVES (KALAMATA, GREEN, BLACK) (2 X 2.4KG)",76.9000 
OLIVSLICEBLK,SLICED BLACK OLIVES (6X2.84 L),67.9500 
OLIVSLICEGRN,SLICED GREEN OLIVES (6X2.84 L),67.9500 
OLYMELBACON2,OLYMEL - SLICED BACON 2INCH (5KG),64.9000 
OLYMELLANPOUL,OLYMEL - COOKED CHICKEN STRIPS (4KG),67.9500 
OLYMLOAD,LOAD AND DELIVER OLYMAS PAILS/BUCKETS,0.0000 
ONAVINE,ONASSIS - STUFFED VINE LEAF WITH RICE / 6 X 2KG,86.9000 
ONI,SPANISH ONIONS 50LBS,47.9000 
ONI10X5,YELLOW ONIONS (10X5LBS),36.9500 
ONI2,2 LBS ONIONS,1.7500 
ONI242,YELLOW ONIONS (24X2LBS),34.7500 
ONI242HALF,HALF YELLOW ONIONS (10X5LBS),17.3000 
ONI5,5 POUNDS YELLOW ONION / Oignon JAUNE  5lbs,4.2500 
ONICIP,CIPPOLINI ONIONS 10LBS,29.5000 
ONICOL,COLOSSAL ONIONS 50LBS,48.9000 
ONICOLHALF,HALF COLOSSAL ONIONS 50LBS,24.9500 
ONIGRAN,ONION GRANULATED (2.1KG),19.7500 
ONIHALF,( HALF / DEMI ) SPANISH ONION / OIGNON ESPAGNOL  =25LBS,24.3500 
ONILBS,LBS YELLOW ONION,1.0500 
ONIONBASE,ONION SOUPE BASE / 4.54KG,89.9000 
ONIPCS,PCS SPANISH ONIONS,0.9500 
ONIPEARL,PEARL ONIONS (12X200GR),33.0000 
ONIRED,RED ONION USA ( 25 POUNDS ),35.9500 
ONIREDHALF,( HALF BAG ) RED ONIONS / ( APPROX 12 POUNDS ),18.2500 
ONIREDPCS,PCS RED ONIONS,1.0000 
ONIREDPEEL,RED ONION PEELED (9KG),30.5500 
ONISUP,SUPER COLOSSAL ONIONS 50LBS,49.9000 
ONIVID,VIDALIA SWEET ONION (50LBS),39.7500 
ONIWH25,WHITE ONIONS (25LBS),46.4500 
OOLONGTEA,OOLONG TEA (3 X 2) PACK,8.9500 
OPITA,OLYMPIA - ORIGINAL 7 GREEK PITA BREAD,41.7000 
OR88,ORANGE (88),38.0000 
OR88HALF,HALF ORANGE   (88),24.0000 
OR90,ORANGE NAVEL SIZE #88,38.9000 
OR90HALF,HALF ORANGE NAVEL SIZE #88,19.7500 
ORANCA,ORANGE CARA CARA (CASE),59.7000 
ORANGEFRJUICE,ORANGE FOR JUICE,59.7000 
ORANGEJUICE,ORANGE JUICE 1.5L,8.0000 
ORANGEPCS,( PCS ) ORANGE,0.5500 
ORANGINACAN,ORANGINA SPARKLING CITRUS CANS (24X330ML),31.5500 
ORCHID50,ORCHIDS 50 COUNT,23.9500 
OREG,BOX OREGANO (6 CLAMSHELLS),15.0000 
OREGLEAVES,OREGANO LEAVES (600G),14.9500 
OREGPCS,PCS OREGANO,1.7500 
ORGEDEC,AGRO FUSION - PEARL BARLEY 5KG,14.9500 
ORJUICE,ORANGE JUICE TROPICANA (3 x 1.36l),21.4500 
ORZO,GRISSI PASTA - ORZO PASTA (2 X 4.54KG),38.0000 
OSB-010,OSSO BUCCO GRAIN FED FROZEN (KG),26.0000 
OSB-020,OSSO BUCCO MILK FED FROZEN (KG),26.9500 
OSHINKOSTRIP,TS - PICKLED RADISH STRIPES (10X1KG),65.9500 
OYS-010F,FRESH OYSTER - BELLE DU JOUR - 100 UNITS/BOX,153.8500 
OYS-015F,OYSTER - FRESH - RASPBERRY POINT - 100 UNITS/CS - CANADA,49.9500 
OYS-026F,OYSTER IRISH POINT 2.5INCH -100CT- PEI,0.0000 
OYS-032F,OYSTER COCKTAIL - FRESH - CONWAY PEARL - 100 UNITS - CA,129.9000 
OYS-034F,OYSTER BEAUSOLEIL 100 UNITS/CS CANADA,129.9000 
OYS-042F,FRESH OYSTERS - MALPEQUE 3INCH- 100 UNITS/CS -PEI,139.8500 
OYS-043F,FRESH OYSTERS - SALT GRASS -100 UNITS/BOX,0.0000 
OYS-046F,OYSTER SAND DUNE- 3 INCH -100 CT- (ILE DU PRINCE EDOUARD),0.0000 
OYS-047F,OYSTER COCKTAIL-FRESH- SHINY COCKTAIL - 100 UNITS/CS,129.9000 
OYS-048F,OYSTER PINK MOON-FRESH-100 UNIT/CS,0.0000 
OYS-051F,OYSTER PICKLE POINT-FRESH-100 UNIT/CS,0.0000 
OYS-052F,FRESH OYSTER - MALPEQUE SMALL- 100 UNITS/CS -PEI,0.0000 
OYS-053F,FRESH OYSTERS - SEXY PEQUES- 100 UNITS/CS -PEI,0.0000 
OYS-054F,Huîtres Chiasson Large - frais - 100ct,149.8500 
OYS-055F,OYSTER FRESH EAST CAPE 100 UNIT/CS PEI,129.9000 
OYSSAU,OYSTER SAUCE PANDA (6X5LBS),61.9500 
OYST,FRESH OYSTER MUSHROOMS / IN WOOD BASKET (5LBS),68.2000 
OYSTERONT,SMALL BOX FRESH OYSTER ONTARIO (2LBS),17.2000 
PADSCOUR,GREEN SCOURING PADS (X18),11.5000 
PAIEMENT_REQUIS,***COMPTE EN SOUFFRANCE - PAIEMENT REQUIS AVANT PROCHAINE COMMANDE SVP,0.0000 
PAINDORE,AU PAIN DORE - FROZEN DEMI-BAGUETTES / 3KG,17.7500 
PAINHAM,PAIN HAMBURGER POM,6.7500 
PAINRAISIN,SUN-MAID - RAISIN BREAD (3 X 450G),15.7000 
PAL,PALLETS,5.3000 
PALD,PALLET TO DELIVER,0.0500 
PALM427,PALMOLIVE - DISHWASHER DETERGENT (4.27L),14.2500 
PALMHEART4X,HEARTS OF PALM (4X398ML),15.7000 
PALMSCOCKBRAND,COCK BRAND - PALM SUGAR / 24 X 454G,71.7000 
PALP,PALLET TO PICK UP / PALETTE A RAMASSER,0.0000 
PAM,CANOLA BAKING SPRAY (6X400G),43.9500 
PAMCAN,PAM - CANOLA SPRAY / ALLERGEN-FREE / 6 X 400GR,59.9500 
PANANG,COCK BRAND - PANANG CURRY PASTE BOX (24 X 400G),124.9000 
PANANGUNIT,COCK BRAND - PANANG CURRY PASTE UNIT (400G),7.0000 
PANDAN LEAF,PANDAN LEAVES / 227G,4.3000 
PANINI,BRIDOR 8 INCH FRENCH PANINI (6O X 110G),35.9500 
PANKO9,PANKO BREAD CRUMBS (9KG),38.9500 
PAPAGR,BOX GREEN PAPAYA,48.4500 
PAPAGRUNIT,GREEN PAPAYA / UNIT,7.0000 
PAPAYAFRUIT,YELLOW PAPAYA FRUIT,64.2000 
PAPAYEL,PAPAYA YELLOW,78.9000 
PAPERBOND,BOND PAPER 20 X (3 X 150),54.9500 
PAPERPEACH,PEACH PAPER 8X11 (1000UN),33.9500 
PAPERPLATE,9 INCH PIZZA PAPER PLATE (1200 UNITS),36.9500 
PAPERSQUALE,SQUALE PAPER 8X11 (2000UN),34.9000 
PAPERSQUARERC22TS,TS - SQUARE RICE PAPER  22CM  / 40 X 400G,92.9500 
PAPERTHERMWHTSM,SMALL WHITE THERMAL PAPER ROLLS / 2.25INCH X 60FT (50UN),15.9900 
PAPERTOW,CASCADES - 100% RECYCLED BROWN HAND PAPER TOWEL ROLL X12,20.0000 
PAPRIKASMOK,SMOKED PAPRIKA (520G),7.7500 
PAPRIKASP,PAPRIKA (1.8KG),17.1000 
PAPROLLBIGTHERMWH,BIG WHITE THERMAL PAPER ROLLS / 3.125INCH X 200FT (50UN),54.9900 
PAPTOWBOUNTYPLUS,BOUNTY PLUS - PAPER TOWEL (12X86),32.4500 
PAPTOWCASC30,H030 - CASCADES WHITE TOWELS (12X350),34.9500 
PAPTOWCASC60,EVEREST PRO - WHITE PAPER TOWEL ROLLS (X12),52.9500 
PAPTOWSWAN1900,WHITE SWANN 01900 - PAPER TOWEL 1PLY (16X250),47.2000 
PAPTOWSWAN1930,WHITE SWANN 01930 - PAPER TOWEL ROLLS (X24),44.9500 
PARCHPAP,PARCHMENT PAPER BAKING 16 X 24 (1000UN),57.9500 
PARMKRAFT,KRAFT - PARMESAN / 710G,23.9000 
PARMSALERNO,SALERNO - GRATED PARMESAN / 2.5KG,34.9500 
PARSFLAK,PARSLEY FLAKES (400G),14.5500 
PARSIM,PERSIMMON,10.0000 
PARSITLPCS,PCS ITALIAN PARSLEY,0.9500 
PARSL,PARSLEY CURLY (60UN),49.9000 
PARSLHALF,( HALF / DEMI ) CURLY PARSLEY / PERSIL CANADIEN  =30,25.4500 
PARSLITAL,ITALIAN PARSLEY (60UN),49.9000 
PARSLITALHALF,( HALF / DEMI ) ITALIAN PARSLEY /  PERSIL ITALIEN,25.4500 
PARSLPCS,( PCS ) CURLY PARSLEY,0.9500 
PARSNIP,PARSNIP 20LBS,38.7000 
PARSNIPPCS,LBS PARSNIP,13.2500 
PASILLA,DRIED CHILI PASILLA 5LBS,56.5000 
PASSIONFRT,FRESH PASSIONFRUIT (CASE),38.0000 
PASTAGRISS,LASAGNA / 20 INCH / 10LBS,21.9500 
PASTECHILISOYPCS,CHILI PASTE WITH SOYBEAN OIL - PANTAI / 500G,8.2500 
PASTECURGR,COCK BRAND- GREEN CURRY PASTE / 12 X 1KG,89.0000 
PASTECURRED,COCK BRAND - RED CURRY PASTE / 12 X 1KG,89.0000 
PASTECURREDPCS,COCK BRAND - RED CURRY PASTE / 1KG,8.9500 
PASTECURYEL,COCK BRAND - YELLOW CURRY PASTE / 12 X 1KG,89.0000 
PASTECURYELPCS,COCK BRAND - YELLOW CURRY PASTE / 1KG,9.8500 
PASTEGREENCUR,COCKBRAND - GREEN CURRY PASTE (1KG),8.9500 
PATECOQ,PASTA SMALL SHELLS (9.07 KG),29.9500 
PBPEPPER,POBLANO PEPPERS / LBS,3.6500 
PCSCU#2,CONCOMBRE UNIT #2,1.0000 
PEACH,PEACHES  BOX,55.0000 
PEACHHALF,( HALF / DEMI ) PEACH / PECHE,32.5000 
PEACHPCS,PCS PEACH,0.7500 
PEACHSLICE,SLICED PEACH IN SYRUP (6 X 2.84L),59.9000 
PEACHSYRU,PEACH HALVES IN SYRUP (6X2.84L),86.9000 
PEANPORT,KRAFT - PEANUT BUTTER PORTIONS (200X18G),45.8500 
PEANUTBBQKOHK,KOHKAE - BBQ PEANUT / 24 X 230G,96.9000 
PEANUTBUTKRFT,KRAFT - PEANUT BUTTER (6X2KG),76.9000 
PEANUTBUTKRFTPCS,KRAFT - PEANUT BUTTER (2KG),13.9500 
PEANUTCRUSH,CRUSHED PEANUTS (1KG),10.2500 
PEANUTREDSKIN,PEANUTS RED *SKIN ON* (5LBS),17.1000 
PEANUTSKINLESS,PEANUTS SKINLESS (5LBS),15.0000 
PEANUTSKINLESSBOX,PEANUT SKINLESS FULL BOX (10X5LBS),129.9000 
PEARS,PEARS BARTLETT,68.8500 
PEARSBOSC,BOSC PEARS,54.9500 
PEARSBOSCHALF,HALF BOSC PEARS,28.1500 
PEARSHALF,( HALF / DEMI ) PEARS / POIRE,35.1000 
PEARSPCS,PCS PEARS,0.8500 
PEASFRESH,FRESH GREEN PEAS,39.6500 
PEASWASABI,HAPI - WASABI PEAS / 12 X 280G,87.9500 
PEELCAR,1PACK PEELED VACUUM CARROTS 3 COLOUR 5LBS,33.4500 
PENNERIG,PENNE RIGATE (2 X 4.54KG),39.9500 
PEPBICOL,BICOLOR PEPPERS MIX (25LBS) GREEN/RED,58.8500 
PEPCAYEN,CAYENNE PEPPER (1.8KG),16.5000 
PEPCAYENCRUSH,CRUSHED CAYENNE PEPPER (1.4KG),12.5500 
PEPCORN4,4 PEPPERCORN BLEND / MELANGE DE 4 POIVRES 450G (LIQUIDATION),12.0000 
PEPCORNBLK,BLACK WHOLE PEPPERCORNS (2.1KG),25.7500 
PEPDICEGR,FROZEN DICED GREEN PEPPERS (6X2KG),29.9500 
PEPDICEGRPCS,FROZEN DICED GREEN PEPPERS (2KG),7.3500 
PEPDICERED,FROZEN DICED RED PEPPERS (6X2KG),36.0000 
PEPDICEREDPCS,FROZEN DICED RED PEPPERS (2KG),8.2500 
PEPEFF,(05313) CAV. FRESH CUT DARK NORLAND 7/16,40.7000 
PEPFINGGR,FINGER LONG HOT GREEN PEPPER 3KG,48.9500 
PEPFINGRED,FINGER LONG HOT RED PEPPERS 3KG,60.9500 
PEPFINGRLB,LBS FINGER LONG HOT RED PEPPERS,6.7500 
PEPHAB,RED HABANERO PEPPERS,49.4500 
PEPHABLBS,LBS RED HABANERO PEPPERS,8.0000 
PEPHALF,( HALF / DEMI ) GREEN PEPPERS CHOICE / PIMENT VERT CHOIX  =12.5LBS,14.4500 
PEPHUNGARIAN,HUNGARIAN PEPPER FRESH,43.4000 
PEPJAL,GREEN JALAPENO PEPPER ( 15 LBS ),31.9000 
PEPJALBIG,BIG BOX GREEN JALAPENO PEPPER ( 30 POUNDS ),62.9000 
PEPJALHALF,( HALF CASE ) GREEN JALAPENO / ( APPROX 8 POUNDS ),16.1500 
PEPJALPCS,( PCS ) GREEN JALAPENO PEPPER,0.7500 
PEPJALRED,**RED** JALAPENO PEPPER ( 2KG FULL BOX ),53.9500 
PEPJALREDPCS,( PCS ) **RED** JALAPENO PEPPER,1.4000 
PEPJALSL378,SLICED JALAPENO PEPPER  (4X3.78L),59.9000 
PEPLGHALF,( HALF / DEMI ) XL GREEN PEPPERS / PIMENT VERT XL = 12.5 LBS,17.7500 
PEPLONGGR,LONG HOT GREEN PEPPER,57.9500 
PEPLONGGRHALF,HALF LONG HOT GREEN PEPPER,29.5000 
PEPMIXMINI,MIX MINI SWEET PEPPERS (12UN),78.6500 
PEPMIXMINIPCS,(BAG) MINI SWEET PEPPERS,7.0000 
PEPMULTICOL,MULTICOLOR PEPPERS (11LBS) GREEN/YELLOW/RED/ORANGE,33.6000 
PEPMULTICOLHALF,(HALF) MULTICOLOR PEPPERS (11LBS) GREEN/YELLOW/RED/ORANGE,17.1500 
PEPOR,ORANGE PEPPERS   (11 LBS),16.5000 
PEPORHALF,( HALF / DEMI ) ORANGE PEPPERS / PIMENT ORANGE = 5.5 LBS,8.2500 
PEPORPCS,( PCS ) ORANGE PEPPER,1.3500 
PEPPADRON,FRESH PADRON PEPPERS,49.4500 
PEPPCS,( PCS ) GREEN PEPPER,0.9500 
PEPPERBLKCRACK,CRACKED BLACK PEPPER (1.7KG),31.9500 
PEPPERBLKGR,GROUND BLACK PEPPER (1.9KG),35.9500 
PEPPERWHGR,GROUND WHITE PEPPER (2.2KG),51.7000 
PEPPOB,POBLANO PEPPERS,84.9000 
PEPRED,RED PEPPERS LARGE  (11 LBS),22.0000 
PEPRED25,RED PEPPER (25LBS),55.9000 
PEPREDHALF,( HALF / DEMI ) RED PEPPERS / PIMENT ROUGE  = 5.5 LBS,16.0000 
PEPREDPCS,( PCS ) RED PEPPER,2.0500 
PEPSCOTCH,SCOTCH BONNET HOT PEPPERS FRESH,55.0500 
PEPSCOTCHLBS,LBS SCOTCH BONNET PEPPER,12.1500 
PEPSHEP,SHEPHERD PEPPERS,39.9000 
PEPSHISH,SHISHITO PEPPERS BOX (5LBS),48.0000 
PEPSI32,PEPSI ORIGINAL 32X355ML (ECOFEE 0.64 INCLUDED),21.6000 
PEPSIDT32,PEPSI DIET 32X355ML (ECOFEES 0.64 INCLUDED),21.6000 
PEPSIZR32,PEPSI ZERO 32X355ML (ECOFRAIS 0.64 INCLUS),20.6000 
PEPTHAIGR,LBS GREEN THAI CHILI PEPPER,4.0000 
PEPTHAIRED,LBS RED THAI CHILI PEPPER,8.5000 
PEPXL,XLARGE GREEN PEPPERS (25LBS),25.0000 
PEPY,YELLOW PEPPER  ( 11 POUNDS ),18.0000 
PEPYHALF,( HALF / DEMI ) YELLOW PEPPERS / PIMENT JAUNE,14.0000 
PEPYPCS,( PCS ) YELLOW PEPPER,1.3500 
PERLAOIL,PERLA - VEGETABLE OIL 16L,41.9500 
PERRIER500,PERRIER - CARBONATED NATURAL WATER PLASTIC / 24 X 500 ML,31.9500 
PESTO1KG,PESTO CLASSIC LEGRAND (1KG),26.0000 
PESTO2KG,BASIL PESTO (2KG),16.0000 
PESTOBASIL,PESTO TRADITIONNEL 3KG,66.9500 
PETFET,PETROS FETA,119.7500 
PH,PH MILLS - STRONG BAKERS FLOUR (20KG),26.5000 
PHACHE5,FROZEN GROUNDED CHICKEN / EXTRA THIN / *5 X TIMES* (5 KG),58.7000 
PHILA3KG,PHILADELPHIA  - CREAM CHEESE / 3KG,47.9500 
PHLOX,(6GR) PACK FLOWERS PHLOX,20.5000 
PHYSTK,PHILLY STEAK 40X4 OZ,62.7000 
PICKBLUE,BLUE PAIL LARGE PICKLES,58.4500 
PICKGARL,PICKLED GARLIC BOX (24 X 454G),114.9000 
PICKGARLUN,PICKLED GARLIC UNIT (454G),5.9500 
PICKLES,PAIL PICKLES,58.4500 
PICKMC,MCCAIN FROZEN PICKLES BREADED (04417),67.5000 
PICKUPTEMP,pick up tempura FROM CUSTOMER PREPARED FOR DAMEN,0.0000 
PIMENTCHOIX,GREEN PEPPER *CHOICE* (25LBS),25.0000 
PINACOLA,FAIRLEE - PINA COLADA JUICE / 12 X 960ML,110.8500 
PINE,PINEAPPLES 7-8,19.5000 
PINE5,PINEAPPLE JUMBO SIZE 5,17.5000 
PINEN,PINE NUTS (1KG),52.5000 
PINEPCS,PCS PINEAPPLES,3.5500 
PINESLICE,PINEAPPLE SLICED (24 X 398ML),69.9500 
PINESLICETROF,PINEAPPLE TIDBITS / 24 X 540ML,71.9500 
PINESOL518,PINESOL MULTI SURFACE (3X5.18L),38.0000 
PINNACLE,PINNACLE - BAKING POWDER (5KG),48.9500 
PINNEATID,PINEAPPLE IN CUBES (TIDBITS) / 24 X 540ML,66.9500 
PINTOBEAN,PINTO BEAN (6 X 2.84L),51.9000 
PINTRFGOY,GOYA TRADITIONAL REFRIED PINTO BEANS (12X454G),27.0500 
PIPBAG21,PIPING BAGS 21INCH (100 UNITS),12.9500 
PIQUILLO,VINITEAU - PIQUILLO PEPPERS (6X2.5KG),261.7500 
PIST,PISTACHES CRUES / 25X454G,468.5500 
PITA BREAD,7-DAYS PITA BREAD,36.1000 
PITAANDA,ANDALOS - PITA BREAD (30 BAGS),36.4500 
PITAHAYAYELLOW,PITAHAYA YELLOW 10/12,44.9500 
PITAK,KONTOS PITA / PAIN GYRO 7 INCH 12X10,43.2000 
PITAWHITE,PITA BLANC FRAIS 5X225G,2.9500 
PIZ16,,0.0000 
PIZB10,10 INCH BROWN PIZZA BOX (50UN),15.9500 
PIZB12,12 INCH BROWN PIZZA BOX (50UN),22.4000 
PIZB14,14 INCH BROWN PIZZA BOX (50UN),24.4500 
PIZB16,16 INCH BROWN PIZZA BOX (50UN),34.9000 
PIZB8,8 INCH BROWN PIZZA BOX (50UN),15.0000 
PIZB9,9 INCH BROWN PIZZA BOX (50UN),15.5000 
PIZZABOX12,PIZZA WHITE BOX 12 INCH / BOITE A PIZZA BLANCHE 12'',20.7500 
PIZZASAUCE,STONEY CREEK - PIZZA SAUCE / 6 X 2.84L,41.1500 
PIZZCHEESE,BROADWAY PIZZA CHEESE BLEND,92.3000 
PIZZSAUCE,PIZZA SAUCE 2.84L,15.0000 
PLAINYO5KG,PLAIN YOGURT (5KG),35.9500 
PLANT,PLANTAIN BANANA,72.4500 
PLANT-105,FROZEN PLANTAINS,61.9500 
PLASTCONT33,CLEAR RECTANGULAR CONTAINER TAKE OUT 33.8OZ,57.2500 
PLATBAGAS88,9 INCH BAGASSE ROUND PLATTERS (500UN),42.9500 
PLATEAU2LB,KRAFT PAPER FOOD ECO TRAY 2LB (1000 UNITS),52.7000 
PLATEAU3LB,KRAFT PAPER FOOD ECO TRAY 3LB (500 UNITS),35.5000 
PLATVELO072,VEL072 PLASTIC PLATTERS (500X),96.4500 
PLONION,FRESH PEELED RED ONIONS (5 KG),13.9500 
PLONIRED,FRESH PEELED RED ONIONS (9 KG),29.5000 
PLONISPAN,FRESH PEELED SPANISH ONIONS (9 KG),24.5500 
PLR-001,POULET ROUGE - ROMAINE DANS BOITE PLASTIC,16.0000 
PLUM,PLUMS,56.0000 
PLUMHALF,(HALF)  PLUMS,22.8500 
PLUMPCS,PCS PLUM,0.5000 
POCKYCC,POCKY COOKIES AND CREAM (10 X 70G),26.9500 
POIREANJ,POIRE ANJOU (110),62.9500 
POIREANJHALF,HALF POIRE ANJOU (110),37.5000 
POISJAUNE,WHOLE YELLOW PEAS 10KG,18.5500 
POITTHUN,OLYMEL - CHICKEN BREAST BREADED THUNDER CRUNCH 4KG,81.9000 
POIVRONLAN,5KG PRECUT SLICED RED PEPPERS,62.9500 
POIVRONROUGEGRILL,DANIEL'S - ROASTED RED PEPPER STRIPS / 1 X 2.84L,13.9000 
POIVRROUGEC,5KG PRECUT DICED RED PEPPERS,9.9500 
POIVRVERT,FRAIS - DICED GREEN PEPPER 3/8 (5 KG),39.9500 
POK-010,POCKY CHOCOLATE SMALL 10X40GR,15.0000 
POK-020,POCKY GREEN TEA 10X40GR,15.0000 
POK-030,POCKY STRAWBERRY FLAVOUR / 10 X 33G,30.2000 
POKESAUCE378,GLUTEN FREE POKE SAUCE 6X378ML,41.9500 
POL-006,ALASKAN POLLOCK FELLETS 4/6OZ (4X10 LBS GW) IQF  PARADISE,111.9000 
POL-007,ALASKAN POLLOCK FILET 6/8 OZ - 4 X 10 LBS - IQF PARADISE,116.9000 
POL-007F,FROZEN ALASKAN POLLOCK FILET - 1X10LBS- IQF,76.4500 
POLENTA10,FINE POLENTA #400 (10KG),29.9500 
POLY6LBS,POLY BAG 6LBS (500 UN),13.8000 
POMBAGEL,POM - PLAIN BAGEL / 2 X 6 UN,10.0000 
POMEGRPCS,PCS POMEGRANATE,4.5000 
POMGRAN,POMEGRANATE,28.7000 
POMSIGN,POM - SIGNATURE SESAME HOT DOG BUNS (3X8UN),10.0000 
POMSTEAM,POM - STEAMED HOT DOG BUN,3.0000 
POPCORN,POULET POP CORN 4X1KG (NEW),47.7000 
POPFIESTA,(481227) FIESTA POPPERS,44.4500 
PORCHACH,FROZEN GROUNDED PORK / EXTRA THIN / * 5 X TIMES * (5KG),46.9500 
PORCHACREG,FROZEN GROUNDED PORK REGULAR (5 KG),46.9500 
PORKBEL,PORK BELLY BONE OFF / **SKIN ON** (KG),8.5000 
PORKBONECUT,PORK BONES CUT / KG,2.7500 
PORKFA,FROZEN PORK FAT (5 KG),29.9500 
PORKGRND,GROUND PORK FRESH / KG,8.3500 
PORKLEG,PORK LEG BONE OFF / SKIN OFF (KG),6.8000 
PORKLO,PORK LOIN (KG),8.0000 
PORKSAUCI,OLYMEL - BREAKFAST PORK SAUSAGE / 5KG,38.9500 
PORKSHOULDER,FRESH PORK SHOULDER (KG),8.3500 
PORTION5,PORTION CUP 5.5 OZ / 2500 UNITS,76.9000 
PORTO,PORTOBELLO (5LBS),25.2000 
PORTOBELLIN,PORTOBELLINI 10 X 170 GR,25.5000 
POSA-001F,Saumon Atlantique 2-3 lbs filet - VP- Frais,54.9500 
POSC-004,Pétoncles 30-40  454gr,33.9500 
POSP-001,Pavé de saumon Biologique,13.0000 
POT-002,TARTARE QUALITY - TUNA CUBE - (45GR),18.0000 
POT-016*,Steak de Thon Yellowfin,45.9500 
POT10X5,POTATO (10X5LBS),15.4500 
POTC,POTATO (C) 50LBS,111.1500 
POTC25,POTATO (C) 25LBS,44.9500 
POTCUB,GEMME - FRESH REGULAR CUT CUBE POTATOES (10KG),15.7000 
POTCUBSML,GEMME - *SMALL* CUT CUBES POTATO FRESH (10 KG),11.5000 
POTFING,FINGERLING POTATOES SMALL BAG (10LBS),14.5000 
POTFRESH,WHITE POTATO - PATATE CHEF BLANCHE 50LBS,17.7500 
POTGEMR,GEMME - PEELED WHOLE ROUND POTATOES (10KG),12.5500 
POTHAW,POTATOES HAWAIEN,131.1500 
POTLONG,LONG RUSSET POTATO (50LBS),18.0000 
POTLONGLBS,5LBS LONG RUSSET POTATOES,2.7500 
POTLONGW,WHITE BAG - RUSSET POTATO QC - PATATE RUSSET BLANCHE 50LBS,18.0000 
POTPEEL,PEELED ROUND POTATOES / PATATE PELEE RONDE / 10KG,13.9500 
POTRED10,RED POTATO SMALL BAG (10LBS),5.7000 
POTRPRO,RED POTATO QC - PATATE ROUGE CHEF 50LBS,16.5000 
POTRQC,RED POTATO (50LBS),16.5000 
POTRQCLBS,5LBS RED CHEF POTATOES,2.7500 
POTRTHI,RED POTATO QC - PATATE ROUGE CHEF 50LBS,16.5000 
POTSKI,MCCAIN (3602) LARGE POTATO SHELLS,83.7000 
POTWHITE,WHITE POTATO (50LBS),17.5000 
POTWHITE10,WHITE POTATO SMALL BAG (10LBS),4.2500 
POTWHITE5,5LBS WHITE CHEF POTATOES,2.7500 
POTWHITEHALF,HALF WHITE POTATO (50LBS),8.9500 
POTYEL,YELLOW POTATO YUKON 50LBS,32.5000 
POTYEL10,YELLOW POTATO SMALL BAG (10LBS),5.7000 
POTYUK,YUKON GOLD POTATO - PATATE JAUNE CHEF 50LBS,32.5000 
POTYUKHALF,HALF YUKON GOLD POTATOES,16.5500 
POTYUKLBS,5LBS YUKON CHEF POTATOES,4.1000 
POUTINEMIX,ROSE HILL - POUTINE SAUCE MIX 18KG,147.9000 
POWCHILI,CHILI POWDER (2KG),23.9500 
POWCURRY,CURRY POWDER (2.2KG),16.9500 
POWGARL,GARLIC POWDER (2KG),19.2500 
POWONI,ONION POWDER (2.5KG),20.9500 
POWWASABI,WASABI POWDER / 10 X 1KG,91.9000 
POWWASABIPCS,WASABI POWDER / 1KG,11.1500 
PRECUTCARROT,2.27KG PRECUT SHREDDED CARROT,11.2500 
PRECUTSWPOTATO,2.27KG PRECUT SHREDDED SWEET POTATO,10.5000 
PREMNORI,PREMIUM NORI - ROASTED SEAWEED (50 X 100),164.8000 
PRFF,(4154) 3/8 CAVENDISH,38.0500 
PS250,UNAGI SAUCE TARE KIKKOMAN 84OZ,0.0000 
PS7833,CIMO - CAFE ESPRESSO SAC BLEU 2KG,42.9500 
PTDATE,AGROFUSION - PITTED DATE 10KG,31.9500 
PTIQUEB,PTI QUEBEC - PORTION CHEDDAR CHEESE LIGHT (100 X 21GR),66.9500 
PUFF,PUFF PASTRY FILO 7 DAYS,66.0500 
PUFFPASTRY,PUFF PASTRY SHEET BOX,78.4000 
PUMPMINI,PUMPKIN (DECO MINI),1.0000 
PUMPXL,PUMPKIN (XL),10.2000 
PUREECIT,RAVIFRUIT - FROZEN LEMON PUREE (5 X 1KG),72.9500 
PUREEFRUIT,FROZEN PASSION FRUIT PUREE (6 X 1KG),117.9000 
PUTMAY16L,PUTTERS MAYONNAISE 16L,117.6500 
QUAILEGGPCS,QUAIL EGGS IN WATER (425G),4.7000 
QUALI3/8,QUALIFRESH 3/8 SKIN ON,34.5000 
QUALI7/16,7/16 QUALIFRESH,34.5000 
QUALICUB,CUBES QUALIFRESH,34.5000 
QUALIJUL,JULIENNE QUALIFRESH,34.5000 
QUALIROND,RONDELLES QUALIFRESH,34.5000 
QUICKOATS,QUICK COOKING OATS 25KG,52.9500 
QUINCE,QUINCE / COING,86.9000 
QUINOA,PROVENANCE GRAINWAYS - WHITE QUINOA  / 5KG,25.9500 
QUINOARED,RED QUINOA / 3KG,38.9500 
RABIOLBAG,RABIOLE 25LBS,34.7500 
RAD,BOX RADISH,29.9000 
RAD SHOOTS,POUSSE DE RADIS 6X75GR,0.0000 
RADIC,RADICCHIO,26.0000 
RADICCH,RADICCHIO TREVISO (3KG),38.7000 
RADICPCS,PCS RADICCHIO,3.6500 
RADISHSTRIP,RADISH STRIP BOX (50 X 400G),139.8500 
RADPCS,PCS RADISH CELLO,2.7500 
RADSTRIPUNI,RADISH STRIP UNIT (400 G),3.7500 
RAM-010,SANGARIA RAMUNE ORIGINAL (18X200ML),49.4500 
RAM-011,SANGARIA RAMUNE MELON (18X200ML),49.4500 
RAM-012,SANGARIA RAMUNE LYCHEE (18X200ML),49.4500 
RAMASS,*** RAMASSER PRODUIT POUR RETOUR ET FAIRE LA NOTE DE CREDIT POUR LE CLIENT,0.0500 
RAMBOU,RAMBOUTANT,63.7000 
RAMENKOREEN,SAMYANG - KOREAN GOMTANG RAMEN / 5 X 110G,29.2500 
RAMUGRAPE,RAMU BOTTLE CARBONATED DRINK GRAPE (24 X 500G),58.9500 
RAMUNECOLA,RAMUNE DRINK COLA 30X200ML,48.5500 
RAMUORIGINAL,RAMU BOTTLE CARBONATED DRINK ORIGINAL (24 X 500G),58.9500 
RANCHPORT,RANCH DRESSING PORTIONS (200X18ML),44.9500 
RAP,RAPINI,86.9000 
RAPHALF,HALF RAPINI,43.9500 
RAPPCS,PCS RAPINI,3.8500 
RASP,RASPBERRY (12UN),35.0000 
RASPHALF,( HALF / DEMI ) RASPBERRY / FRAMBOISE   =6UN,28.9500 
RASPPCS,PACK RASPBERRY,5.5000 
REALLIME12,REALIME - LIME JUICE (12X440ML),28.9500 
RECTCONT34OZ,PLASTIC RECTANGULAR CONTAINERS WITH LIDS 34OZ - PACK OF 50,20.5500 
REDBULL24,RED BULL 24X250ML,56.9500 
REDCAY,DRIED RED CAYENNE CHILI PEPPER (1 KG),26.9500 
REDGRELOT,RED GRELOT POTATOES (50LBS),20.4500 
REDGRELOTLBS,LBS RED GRELOT POTATOES,0.6500 
REDHOTCHFRANK,FRANKS REDHOT - SWEET CHILI SAUCE (4 X 1.89L),45.9500 
REDPEARL,RED PEARL ONIONS (12X200GR),30.7000 
RESTO24OZPLAST,RESTO - 24OZ PLASTIC BOTTEL COMPRESSIBLE (6UN),10.0000 
REUBFF,(2965) MCCAIN SURECRISP SHOESTRING FRIES 1/4,47.5000 
RHBASILRUB,ROSE HILL - BASIL RUBBED / 2 X 1KG,41.9500 
RHBBQRUB,ROSE HILL - BBQ RUB SEASONING / 18KG,164.8500 
RHCAJUN,ROSE HILL - CAJUN SEASONING / 3.3KG,55.9000 
RHCAYENNE,ROSE HILL - CAYENNE PEPPER / 500G,14.2500 
RHCELERYSALT,ROSE HILL - CELERY SALT / 2 X 5.5KG,74.9500 
RHCHICKCOA,ROSE HILL - CHICKEN COATING MIX 18KG,122.9000 
RHCHILI600G,ROSE HILL - CHILI POWDER 600G,15.9500 
RHCINNAMON,ROSE HILL - CINNAMON GROUND / 520G,18.0000 
RHDILLWEED,ROSE HILL - DILL WEED / 140G,8.7500 
RHEARTPCS,BAG ROMAIN HEARTS (3 HEADS INSIDE),4.2500 
RHGARLGRAN,ROSE HILL - GARLIC GRANULATED / 640G,14.2500 
RHGINGERGRD,ROSE HILL - GINGER GROUND / 2 X 2.2KG,80.9000 
RHITALIAN,ROSE HILL - ITALIAN HERBS / 1.3KG,8.7500 
RHITALLARGE,ROSE HILL - ITALIAN HERBS / 1.3KG,37.9500 
RHJAMAICAN,ROSE HILL - ALLSPICE GROUND JAMAICAN / 500G,28.0000 
RHLEMPEP,ROSE HILL - LEMON PEPPER SEASONING / 2 X 3.7KG,119.9000 
RHMUSTARD,ROSE HILL - MUSTARD POWDER / 2 X 2.4KG,124.9000 
RHONIONPOW,ROSE HILL - ONION POWDER / 600G,13.9500 
RHPAPRIKA,ROSE HILL - PAPRIKA / 2.5KG,49.9000 
RHPARFLAKES,ROSE HILL - PARSLEY FLAKES / 300G,17.7500 
RHRBEEF18,ROSE HILL - ROAST BEEF SAUCE MIX / 18KG,151.8500 
RHSEASSALT,ROSE HILL - SEASONING SALT / 18KG,116.9000 
RHSOUVLAK,ROSE HILL - SOUVLAKI SEASONING AND MARINADE / 2 X 3.5KG,108.9000 
RHSTEAKSPICE,ROSE HILL - STEAK SPICE CRACKED / 3.3KG,51.5000 
RHSTKSPICE18,ROSE HILL - STEAK SPICE CRACKED / 18KG,234.8000 
RHTACO3.5,ROSE HILL - TACO AND FAJITAS SEASONING / 3.5KG,52.9500 
RHTACOFAJ,ROSE HILL - TACO AND FAJITAS SEASONING / 500G,12.8500 
RHTANDOORI,ROSE HILL - TANDOORI SEASONING / 6 X 700G,82.1500 
RIBEYEAAA,RIBEYE AAA / KG,48.9500 
RIBSTK,PORTIONED RIB STEAK AAA / KG,39.9500 
RICEBROWN,SHIRAKIKU - BROWN MEDIUM GRAIN RICE /  15LBS,20.9500 
RICEBUNTUOI,BUN TUOI - RICE VERMICELLI / 30 X 400G,69.9500 
RICECAKE,RICE CAKE 1 BAG,4.7500 
RICEGOLDENSW,GOLDEN SWALLOW - DONGGUAN RICE VERMICELLI (50 X 400G),96.2500 
RICEJASM9,THAI HOM MALI - JASMIN RICE (10KG),28.4500 
RICEPAP22,ROSE BRAND - (M) ROUND RICE PAPER 22CM (44X400G),142.9000 
RICEPAP30,RICE PAPER / FEUILLE DE RIZ 31CM RONDE 44X400G COCO TREE BOX,126.9000 
RICEPARB20,PAR EXCELLENCE- PARBOILED LONG GRAIN RICE (20KG),40.1000 
RICESTICKM,ERAWAN - RICE STICKS MEDIUM /  30 X 454G,51.5000 
RICESTICKS,ERAWAN - RICE STICKS SMALL /  30 X 454G,51.5000 
RICESTICKXL,ERAWAN - RICE STICKS *XL* (30X454G),53.2000 
RICEWAI,WAIWAI - RICE VERMICELLI / 24 X 500G,58.8000 
RICOTTA,RICOTTA SKOTIDAKIS,17.4500 
RICOTTA2KG,RICOTTA / 2 KG,21.9500 
RIE-001F,WHOLE FRESH RAY  1X60LBS- USA,0.0000 
RIE-002F,FRESH SKATE WING - (1 X 10LBS),0.0000 
RMS-001,RED MASAGO - 12 X 500GR - SHIRAKIKU,122.8500 
RMS-001/UNIT,MASAGO RED 1 X 500GR - SHIRAKIKU,10.9500 
RMS-002,ORANGE MASAGO - 12 X 500GR - SHIRAIKU,159.8000 
RMS-002/UNIT,ORANGE MASAGO - 1 X 500GR - SHIRAKIKU,13.9000 
ROASTCHEST,ROASTED PEELED CHESTNUTS (40 X 90G),55.9000 
ROASTSEA,ROASTED SEAWEED (YAKINORI KIZAMI) - (12 X 75G),94.9000 
ROBBFF,(5315) 3/8 CLEARCOAT CAVENDISH,33.9500 
ROHUSA,QUEBEC ROMAIN HEARTS 12X3,38.4500 
ROLL-001,APPLE AND CINNAMON IMPERIAL ROLL (100 X 50 G),83.6500 
ROLLSPIN,SPINACH PIE ROLLS (6X1KG),50.2000 
ROMAPEPLG,***DO NOT USE****,180.8500 
ROMAPEPP1.5,**DO NOT USE**,210.8500 
ROMBABY,BABY ROMAINE,44.2500 
ROMHAB,ANDYBOY ROMAIN HEARTS 12X3,111.9000 
ROMHALF,( HALF / DEMI ) ROMAIN LETTUCE / LAITUE ROMAINE,15.2500 
ROMHEARTSHALF,( HALF / DEMI ) ROMAIN HEART 12X3 /  LAITUE COEUR DE ROMAINE,24.7500 
ROMPCS,PCS  ROMAINE,1.5500 
ROMPEP2.5,***DO NOT USE****,180.1000 
ROMQC,ROMAINE X24,29.9000 
RONDEBEEF,BEEF INSIDE ROUND 1/4 TRIM FRESH PRICE (KG),23.9000 
ROOTBRMUG,A&W -  ROOT BEER / 24 X 355ML,16.9500 
ROSE,BOX ROSEMARY CLAMSHELL (6UN),17.2000 
ROSEHILL,GARLIC SALT (1KG),12.5500 
ROSEHILLSAUCE,ROSE HILL -  POUTINE SAUCE MIX LA QUEBECOISE (12 KG),115.8500 
ROSEPCS,PACK ROSEMARY,4.2000 
RUBBOREGA,RUBBED OREGANO 5LBS - OREGANO RAPEE 5LBS,41.2500 
RUTABAGA,NAVET (40LBS),21.9500 
SAB38,SAB32-38  SALAD/POKE CLEAR BOWLS AND LIDS (150UN),40.2500 
SACSANDWICH,"GIANT DRY WAXED SANDWICH BAGS (6"" X 2"" X 9"")  / 1000UN",29.9500 
SADIS1,**DO NOT USE***,178.8000 
SADIS2,***DO NOT USE***,178.8000 
SAF1G,SAFFRON (1 GR),8.2500 
SAFFRON12,SAFFRON 12 X 1G,59.9000 
SAGE,BOX SAGE  (6 CLAMSHELLS),15.0000 
SAGEPCS,PACK SAGE,1.7500 
SAL-003,FROZEN ATL. SALMON - 3/4 D-TRIM - 1 X10KG,198.8000 
SAL-004,Saumon atl. portion 4oz- Fjord,129.9000 
SAL-005,LEMON PEPPERSALMON TATAKI - PAN SEARED & SLICED - 1 X 6 LBS,98.9000 
SAL-006,SALMON PORTION 8 OZ - ATLANTIC -  1 X 10 LB - FJORD,150.4500 
SAL-010,SALMON SOCKEYE FILLET YVP (25 LBS),0.0000 
SAL-011A,PREMIUM SMOKED SALMON - (12 X 1 KG) - NORWAY - FJORD,547.5000 
SAL-011A/UNIT,PREMIUM SMOKED SALMON - (1 X 1KG) - NORWAY - FJORD,46.9500 
SAL-011F,ORGANIC CREATIVE KING SALMON 12-14 - CW - 60 LBS - CAN,18.9500 
SAL-014,SALMON ORGANIC KING CREATIVE,14.9500 
SAL-015A,GRAVLAX AND DILL (20X200 GRS/CS),0.0000 
SAL-016A,SMOKED SALMON ARTISANAL - 7 X 1 KG - FERRO,293.7000 
SAL-016A/UNIT,SMOKED SALMON (ARTISANAL) - 1 KG - FERRO,44.8000 
SAL-017A,RETAILLES DE SAUMON FUMÉ (ARTISANAL) (1X456gr),10.0000 
SAL-018/UNIT,SAUMON FUME ARTISANAL - (1 X 200 GR),14.3500 
SAL-018A,SAUMON FUME (ARTISANAL) - ( 10 X 200GRS),143.3500 
SAL-018F,ATLANTIC SALMON ORGANIC 6-7 KG-CW- IRE,0.0000 
SAL-019A,SMOKED SALMON - (12 X 800GR) - MULTI-X,297.7500 
SAL-019A/UNIT,SMOKED SALMMON - (1 X 800GR) - MULTI-X,28.0000 
SAL-019F,Saumon Atlantique Organique 5-6 kg-CW- IRE,15.9500 
SAL-030F,SALMON - FILLET - FRESH - ORA KING - CANADA,0.0000 
SAL-035F,WHOLE SALMON 8+,0.0000 
SAL-036F,PREMIUM SALMON 3-4 FILLET,0.0000 
SAL-057F,SALMONS ATL 7-9 KG PREMIUM- ECO,0.0000 
SAL-058F,SOCKEYE SALMON H/G-(1X50LBS),0.0000 
SAL-0608W,PREMIUM SAUMON D'ÉLÉVAGE 6/8 - ENTIER/NETTOYE -CAN ATL,0.0000 
SAL-0810W,SALMON WHOLE FRESH 8-10 CAN ATL,0.0000 
SAL-101,ATLANTIC SALMON CUBES - (10 X 454G),149.8500 
SAL-1012PF,PREMIUM SALMON FILET FRESH 10-12 CAN ATL,8.1000 
SAL-1012W,SALMON WHOLE FRESH 10-12 CAN ATL,7.9500 
SAL-102,SALMON PORTION SKIN OFF (1X10LB) 4OZ IVP,49.9500 
SAL-1214PF,PREMIUM SALMON FILET FRESH 12-14 CAN ATL,8.6500 
SAL-1214W,SALMON WHOLE FRESH 12-14 CAN ATL,8.6500 
SAL-1416PF,PREMIUM SALMON FILET FRESH 14-16 CAN ATL,8.6500 
SAL-1416W,PREMIUM FARMED ATLANTIC SALMON 14/16 - WHOLE/CLEANED - CAN,7.9500 
SAL-1618F,PREMIUM SAUMON ATL D'ÉLÉVAGE 16/18 FILET - CAN,8.5500 
SALAMINA,SALAMINA - FROZEN PRE-COOKED 70% PIZZA BACON (2.5KG),40.2500 
SALBPORT6,PINK SALMON PORTION 6OZ (10LBS),151.1500 
SALDRESS,PAIL SALAD DRESSING,65.4500 
SALSAHERDGREEN,SAN MARCOS GREEN SAUCE MILD (12X431GR),59.9000 
SALSAMED,(80561) SALSA MEDIUM BOTTLE,21.9500 
SALSAPACE,PACE - SALSA MILD CHUNKY (2 X 3.7L),55.9000 
SALSASWEET,(80560) SALSA SWEET SAUCE (4X135 OZ),92.7000 
SALT20,SIFTO - FOOD GRADE THIN SALT (20KG),10.0000 
SALTEDCRA,FROZEN SALTED CRAB (400 G),8.7500 
SALTSAC,SALT PORTIONS (6X1000UN),23.9500 
SALTWINTER,OUTDOOR SALT (20KG),8.9500 
SAMOLEK,"HUY FONG - SAMBAL OELEK / 3 X 3,5L",77.1500 
SAMPLE,*** SAMPLE BOX ***,0.0500 
SANNBASE,SAN NICOLA - PIZZA BASE CHUNKY SAUCE / 6 X 2.84L ,39.9500 
SANPELARAN,SAN PELLEGRINO - ARANCIATA (24X330ML),28.2500 
SANPELARANROS,SAN PELLEGRINO - ARANCIATA ROSSA (24X330ML),28.2500 
SANPELLIMO,SAN PELLEGRINO - LIMONATA (24X330ML),28.2500 
SANPELMEL,SAN PELLEGRINO - MELOGRANO (24 X 330ML),28.2500 
SANPELWATBOTT,SAN PELLEGRINO - CARB. WATER IN GLASS BOTTLE / 15 X 750ML,34.9500 
SANPELWATPL,SAN PELLEGRINO - CARBONATED WATER / 24 X 500ML,33.1000 
SANPPOMP,SAN PELLEGRINO - POMPELMO (24X330ML),28.2500 
SANTALUCIA,SANAT LUCIA - MINI BOCCONCINI (1.5KG),28.0000 
SANTALUCIA50G,SANTA LUCIA - BOCCONCINI 50G (1.5KG),16.7500 
SAPGOLD,SAPUTO - GOLD MOZZARELLA CHEESE 20% BLOC (M441140) (10X2.4KG),355.6500 
SAPGOLDUN,SAPUTO - GOLD MOZZARELLA CHEESE 20% BLOC (M441140) (2.4KG),37.9500 
SAPKINGSEY,SAPUTO - KINGSEY FIRM UNRIPENED CHEESE 29% (KG),15.9500 
SAPMOZZ20,SAPUTO - (RED) MOZZARELLA CHEESE 20% BLOC (M487299) (10X2.4KG),335.6500 
SAPMOZZ20UN,SAPUTO - (RED) MOZZARELLA CHEESE 20% BLOC (M487299) (2.4KG),35.9500 
SAPRIC,SAPUTO RICOTTA 13% 2.2KG,34.9000 
SAPSHREDD,SAPUTO - SHREDDED MOZZARELLA 20% (2.5KG),39.9500 
SAPTOMAT,SAPORITO - TOMATO PUREE SUPER HEAVY / 6 X 2.84L ,54.9500 
SARRASIN,BUCKWHEAT FLOUR (5KG),42.9500 
SAUCECER,CHERRY SAUCE 2L,20.0000 
SAUCECESAR378,KRAFT - SAUCE CESAR (2 X 3.78L),72.9500 
SAUCECHED,MUY FRESCO - CHEDDAR CHEESE SAUCE 3KG,18.2500 
SAUCECHIPABO,CHIPOTLES IN ADOBO SAUCE / 12 X 319ML ,68.0500 
SAUCEFISHSB12,SQUID BRAND - FISH SAUCE / 12 X 725ML,56.7000 
SAUCEFISHSB345,SQUID BRAND - FISH SAUCE 3X4500ML,58.9000 
SAUCEGENTAO16, GENERAL TAO SAUCE / 18.9L,115.8500 
SAUCEGOLDMNT,GOLDEN MOUNTAIN  - SOYBEAN SAUCE SEASONING SAUCE / 12 X 600ML,40.9500 
SAUCEHOISIN65,HOISIN SAUCE / 6 X 5LBS,61.9500 
SAUCEJALA,MUY FRESCO - CHEDDAR CHEESE SAUCE (6X3KG),94.6500 
SAUCEJALACS,MUY FRESCO - CHEDDAR CHEESE SAUCE (3KG),15.7500 
SAUCEMAGGI6,MAGGI SAUCE / 6 X 800ML,61.9500 
SAUCEMOUTMIEL,RICHARDSON - HONEY MUSTARD SAUCE / (2 X 4L),67.9000 
SAUCENACHO,MUY FRESCO - NACHO CHEESE SAUCE 3KG,18.2500 
SAUCENACHOCS,MUY FRESCO - NACHO SAUCE FROMAGE (6X3KG),94.6500 
SAUCEPEANUT,PEANUT SAUCE ARACHIDE (12X203ML),58.9500 
SAUCEPIRI,100892 SAUCE PIRI PIRI,5.0000 
SAUCEPLUM,PLUM SAUCE (X6UN),124.9000 
SAUCEPLUM2L,SAUCE AUX PRUNE 3.64L,28.9500 
SAUCEPORKWAN,POR KWAN - SRIRACHA CHILI SAUCE / 750ML,4.0500 
SAUCEPOUTBERTH12,BERTHELET - MELANGE SAUCE POUTINE 5.75KG (LIQUIDATION),61.9500 
SAUCESOYGF189,KIKKOMAN -TAMARI SOYA SAUCE GLUTEN FREE / 6 X1.89L,159.8500 
SAUCESOYKIK,KIKKOMAN - SOYA SAUCE / 18.9L,55.4500 
SAUCESOYKIKGF,SOYA SAUCE GLUTEN FREE / 18.9L,164.8500 
SAUCESWCHILI62,RED DRAGON - SWEET CHILI SAUCE / 6 X 2L,70.9000 
SAUCESWEETCH,RED DRAGON - SWEET CHILI  SAUCE / 12 X 750ML,39.9500 
SAUCETARTAR378,TARTAR SAUCE (2 X 3.78L),59.9000 
SAUCETARTARPOR,KRAFT - TARTAR SAUCE PORTIONS (200X18ML),41.2500 
SAUCEWORCEST568,WORCESTERSHIRE SAUCE - LEA PERRINS - 568ML,10.0000 
SAUCISSE,LAFLEUR- ORIGINAL  SMOKED SAUSAGE / 4 X 675 G,18.9500 
SAUCTOMBOX,HUNT'S - TOMATO SAUCE (12 X 680ML),43.9500 
SAUER,SAUERKRAUT,41.0500 
SAUSBRAT,SAUSAGE BRATWURST (6.7 KG),91.9000 
SAUSCOOKED,COOKED VIETNAMESE SAUSAGE / 1.715KG,25.9500 
SAUSDEB,SAUSAGE DEBRAZZINI (6.7 KG),83.2000 
SAUSPB,OLYMEL - SAUSAGE PORK AND BEEF (5KG),55.9000 
SAVGENTAO,BATTERED CHICKEN GENERAL TAO (10KG),86.5000 
SAVGOYADO,GOYA - ADOBO WITH PEPPER (12X28OZ),95.0000 
SAVGOYSEAS,GOYA SEASONING AZAFRAN (18X20X3.5OZ,85.2000 
SAVHOTS,VALENTINA EXTRA HOT SAUCE BLACK (24X12OZ),50.0500 
SAVLAMB,FROZEN LAMB LOIN CHOPS (15KG) *FOR SAVEURS DES CONTINENT*,74.9500 
SAVNACH,NACHO CHEESE 138141 (4X2.5KG),97.4500 
SAVORYPCS,PCS SAVORY,2.0000 
SAVOYCOBOX,SAVOY - COCONUT CREAM / 24 X 400ML,69.9500 
SAVOYCOCOCRM,SAVOY - COCONUT CREAM / 400ML,3.5000 
SAVSMOKS,SMOKED SALMON SLICED - VASCO - (14X300G),54.9500 
SBS-005F,STRIPED BASS - FRESH - WHOLE - (1-3 LBS/PC) - (20 LBS/CS),0.0000 
SBS-006F,BAR RAYE SAUVAGE ATLANTIQUE 1.5-2 LBS - 1 X 50LBS - USA,671.9000 
SCHPICK,PAIL REGULAR DILL PICKLES 20L,48.9500 
SCL-003,BAY SCALLOPS 80-120 - IQF - (6 X 5LBS),177.8500 
SCL-004,SCALLOPS - U10 - (2 X 5LB) QUALITY DRY- IQF - JAPAN,319.7000 
SCL-005,HALF-SHELL SCALLOP - 12 CM - 8LBS/CS,114.0000 
SCL-011,BAY SCALLOPS - 40/60 - IQF - (6 X 5 LB) - OCEANIC,202.8500 
SCL-012,HOKKAIDO SCALLOP - U12 - (2 X 5 LB) -IQF - OCEANIC,390.6500 
SCL-015,SCALLOPS 20-30 - (6 X 5 LB) - JAPAN,735.0000 
SCL-016,SCALLOPS DRY 10/20 (2X5 LBS) CN,299.7500 
SCL-024F,DO NOT USE,689.4000 
SCL-025,SCALLOPS - 10/20 - (2 X 5LB) QUALITY DRY- IQF - JAPAN,299.7500 
SCL-026,SCALLOPS - U15 (2 X 5LBS/BAG) - IQF - JAPAN,329.7000 
SCL-026F,FRESH SCALLOPS-U15 - 1X8LBS-JAPAN,0.0000 
SCL-027F,FRESH SCALLOPS 10/20 - 1X8LBS-JAPAN,0.0000 
SCL-028,SCALLOPS SHELLS-(1 X 500PCS),0.0000 
SCL-029F,FRESH SCALLOPS U10- 1X8LBS-JAPON,0.0000 
SCL-030F,FRESH SCALLOPS U12- 1X8LBS,0.0000 
SCL-031,SCALLOPS 30-40 (6X5LBS/BAG) - USA,0.0000 
SCL-031F,FRESH SCALLOPS U10 - (1 X 10LBS) - JAPAN,599.4500 
SCL-032F,SCALLOPS ALIVE WITH SHELL,10.2500 
SCOTCHB,SCOTCH BRITE (X24),23.7000 
SCPOUT,LE SAUCIER - POUTINE SAUCE BASE (20KG),209.8000 
SCREAM,LARGE SOUR CREAM (16L),112.8500 
SD1L,BOX SPICY DILLS (12X1L),50.4500 
SDP1L,SCHWATZ PICKLES (12X1L),39.8500 
SEAL1014,VACUUM SEALING BAGS 10X14 (100UN),25.5000 
SEAL1216,VACUUM SEALING BAGS 12/16 (100UN),34.9500 
SEAL68,VACUUM SEALING BAGS  6/8 (100UM),9.2500 
SEAL812,VACUUM SEALING BAGS 8/12 (100UN),17.8000 
SEASOMIOLA,MIOLA / 10 X 1KG,388.6500 
SELAIL5.5KG,GARLIC SALT (5.5KG),42.9500 
SEMDURUM,DURUM SEMOLINA #3 (20KG),37.7500 
SEP-001,SEPIA U2-8KG- IND,0.0000 
SEP-004,BABY CLEAN CUTTLEFISH - 20/40 - 10 X 2 LB - SEA-RAY,119.5000 
SEP-005,Sepia/Cuttlefish 20/40 - (20 x 340grs),118.5000 
SERBR,MCCAIN BREAKFAST SEASONED CUBES,70.5000 
SEREGGS,LARGE EGGS,53.5000 
SERFF,(4216) MCCAIN 7/16 DARK,54.9000 
SERFF2,(5807) MCCAIN SKIN ON BRINE FRIES,66.0500 
SEROR,MCCAIN BREWCITY  ONION RINGS,73.7000 
SERPOP,(481227) FIESTA POPPERS,37.2500 
SERPOT,(4333) MCCAIN LARGE POTATO SHELLS,80.5000 
SERSWEET,(MCF04965) MCCAIN SWEET PLANK FRIES,49.7000 
SERWINGS,(17345) CHICKEN WINGS,61.2000 
SERZING,(64399) ZINGERS BREADED WINGS,61.2000 
SESAMEBLK,BLACK ROASTED SESAME SEEDS FULL BOX (12 X 1KG),137.9000 
SESAMEBLKPCS,BLACK ROASTED SESAME SEEDS (1KG),13.5500 
SESAMEOIL,KADOYA - SESAME OIL / 1.65L,26.9500 
SESAMEWHT,WHITE ROASTED SESAME SEEDS FULL BOX (10X 1 KG),137.9000 
SESAMEWHTPCS,WHITE ROASTED SESAME SEEDS (1 KG),13.5500 
SESRAW,SESAME RAW SEEDS 25X1LB,96.6500 
SFM-002,SEAFOOD MIX - FROZEN - (8X2.5 LBS/CS) - (20 LBS/CS) - THAILAND,249.8000 
SFM-004,SEARAY - SEAFOOD MIX MEDLEY UNCOOKED (10 X 600GR) (13.23LBS),59.9500 
SFSCISSOR,KITCHEN CURVED SEAFOOD SCISSORS X4,13.2500 
SHAL,SHALLOT - GREEN ONION ICELESS / ( 48 BUNCHS ),31.5000 
SHALHALF,( HALF CASE ) SHALLOT - GREEN ONION ICELESS / ( 24 BUNCHS ),20.7500 
SHALICE,SHALLOT - GREEN ONION ** WITH ICE ** / ( 48 BUNCHS ),27.9500 
SHALPCS,( PCS ) SHALLOT - GREEN ONION,0.9000 
SHALPEEL,PEELED FRENCH SHALLOT,23.9500 
SHANG,SHANGAI BOCK CHOY *TIPS* (25LBS),53.9500 
SHERRYV5L,SHERRY VINEGAR 5L,86.6500 
SHIITAKE,FROZEN MARINATED SHIITAKE MUSHROOM / 10 X 1 KG,206.1000 
SHIP,XXXXX ALREADY SHIPPED XXXXX,0.0000 
SHISOLEAF,1PACK SHISO LEAF (10X10UN),17.5000 
SHITAKE,SHIITAKE MUSHROOM,34.7500 
SHORTRIBKG,BEEF SHORT RIB / KG,23.0000 
SHOYUBASE,SHOYU RAMEN SOUP BASE / 10 X 864ML,235.7500 
SHREDMOZSAP,SAPUTO - SHREDDED MOZZARELLA 20% / 4 X 2.5 KG,158.8500 
SHRIMPBT2125,RAW BLACK TIGER SHRIMP 21/25 *HLSO* SHELL ON (24LBS),229.0000 
SHRIPASTE,SHRIMP PASTE (227 G),7.2500 
SIFTOGRO,SIFTO - GROS SEL 20KG / COARSE SALT 20KG,17.2000 
SILASAUCPT,SILA - SAUCISSE CUITE PETIT TRANCHE (5KG),65.6500 
SIPL,SIP LIDS PLASTIC 95MM (1000UN),113.1500 
SIRLOINTIP,FRESH BEEF SIRLOIN TIP AAA (KG),21.2500 
SIROANA,SIROP ANANAS 4X3KG POKE RAMEN MOI,74.2000 
SIROFRAISE,SIROP A LA FRAISE 4X3KG POKE RAMEN MOI,74.2000 
SIROLYCH,SIROP LYCHEE 4X3KG POKE RAMEN MOI,74.2000 
SIROMANG,SIROP MANGUE 4X3KG POKE RAMEN MOI,74.2000 
SIROPFRT,HOME SYRUP - PASSION FRUIT SYRUP / 340ML,19.5500 
SK1L,BOX SAUERKRAUT (12X1L),49.9500 
SK20L,PAIL SAUERKRAUT (20L),59.4500 
SKINONHDC,SKIN **ON** FRESH CHICKEN THIGHS BONEOFF (KG),11.0000 
SLICEDJAL,FRESH SLICED GREEN JALAPENO (5KG),51.9500 
SLICELIVER,SKYLARK - SLICED BEEF LIVER / 10LBS,71.9500 
SLICGP,FRESH SLICED GREEN PEPPER (5KG),39.9500 
SLICONION,FRESH  SLICED RED ONIONS (5 KG),23.7000 
SMALLYAMS,YAMS POTATOES *SMALL PIECES* (40LBS),48.2000 
SMBLKCOTT,COTT- BLACK CHERRY 12X355ML,6.7500 
SMF-004,Mélange de fruits de mer-10x600grs - Searay -Thai,70.0500 
SMOKEM,SMOKE MEAT (DESCO),0.0000 
SNAILS,SEA STAR - SNAILS (12 X 480G),153.8500 
SNOWP,SNOWPEAS 10LBS,33.4500 
SNOWPLBS,LBS SNOWPEAS,4.5000 
SOFTTOFUUN,SOFT TOFU NATURE / 454G,5.0000 
SOL-002,SOLE DOVER 20-24OZ WHOLE ROUND IQF - (1X25LBS) - NW,881.9500 
SOL-003,SOLE DOVER 20-24OZ WHOLE IQF  (1X25LBS) HOLAND,698.3500 
SOL-008,SOLE FILLETS BREADED 5OZ / 10LB,89.5000 
SOL-009F,SOLE RÉGULIER/LARGE - FILET- FRAIS -CAN,0.0000 
SOL-010,SOLE BREADED 5OZ 1X10 LBS HIGHLINER,86.4500 
SOL-011,Sole filets 7oz - (1x10lbs),61.9500 
SOL-012,SOLE  FILLETS 3 - 5oz - 1X10LBS OCEANIC,96.4000 
SOLMAZPOITR,SOLMAZ - GRILLED AND SMOKED TURKEY BREAST / 2 X 500G,22.3000 
SONORA10,SONORA - 10 INCH FLOUR TORTILLA (12 X 12 UNITS),57.9500 
SONORA12,SONORA - 12 INCH FLOUR TORTILLA (12 X 12  UNITS),71.9500 
SONORA6,SONORA - 6.5 INCH FLOUR TORTILLA (42 X 12 UNITS),93.9000 
SOREL,SOREL HERB OSEILLE (12 UNITS),15.9500 
SOUP24X284,SOUP IN CANS (24 X 284ML),28.2500 
SOUPBASETONKO,WAKOU TONKOTSU SOUP BASE (6 X 2KG),509.5500 
SOYAPAPGR,GREEN SOYA PAPER (X10PACKS),134.9000 
SOYAPAPPNK,PINK SOYA PAPER (X10PACKS),134.9000 
SOYAPAPYEL,YELLOW SOYA PAPER (X10PACKS),134.9000 
SOYASACHET,SAUCE SOYA EN SACHET (500 X 10G),28.9500 
SOYBEV,SOY BEVERGAE (12 X 946ML),41.9500 
SP24L,(2X4L) SWEET PIMENTOES,36.9500 
SP750,BOX SWEET PIMENTOES (12X750ML),49.9500 
SPAG,SPAGHETTINI (THIN SPAGHETTI) (9.07 KG),29.9500 
SPAG24X500,SPAGHETTI ( 24 X 500GR),78.9000 
SPAGHETMEN,SPAGHETTI - 9.07KG,39.9500 
SPAGMIX,SPAGHETTI MIX LEGUMES CONGELEE 6x2kg,32.0500 
SPAGMIXPCS,FROZEN SPAGHETTI MIX VEG.  (2KG),7.7500 
SPAGPCS,PCS SPAGHETTI SQUASH (COURGE),3.6500 
SPAGSAUCE,SPAGHETTI BOLOGNESE SAUCE (2 X 2.5KG),52.9500 
SPAGSQUA,SPAGHETTI SQUASH,45.4500 
SPCASHEW,SMALL PIECE CASHEW (1KG),24.4500 
SPICECH,SOUVLAKI BAR SPICE *** CHICKEN ***  GYRO / 18KG,0.0000 
SPICECHICK,CHICKEN SPICE MTL STYLE (2.8KG),18.6000 
SPICEP,SOUVLAKI BAR SPICE PORK GYRO,184.1500 
SPICESTEAK,STEAK SPICE MTL STYLE (2.5KG),22.3000 
SPICY,CAVENDISH (05701) FRIES SPICY 3/8 CUT,52.8000 
SPIN,BOX SPINACH CELLO X12,38.4500 
SPINCHIN,CHINESE SPINACH,33.4000 
SPINHALF,( HALF / DEMI ) SPINACH / EPINARD CELLO  =6BAGS,19.5000 
SPINPCS,BAG CELLO SPINACH,4.0000 
SPINPIE,SPINACH PIE (5 X 1KG),48.2000 
SPINPIE422,SPANAKOPITA (4X2.2KG),77.2000 
SPINSTEM,SPINACH BUNCHS WITH STEM (25LBS),46.9500 
SPIPAPER3,SPIRULINA - PAPER BAG #3 WITH HANDLE,70.2000 
SPIRAL,MCCAIN SPIRAL FRIES SPICY,65.4000 
SPOONAGAV,AGAVE SPOON 17CM,185.8000 
SPOONCHIN,CHINESE SPOON 14CM (X1000UN),33.7000 
SPOONPLAST,PLASTIC SPOON (X1000UN),33.7000 
SPRINGMIX,AQUA VERTI - SPRING MIX LETTUCE,26.0000 
SPRINGRPAST66,DOLL SPRING ROLL PASTRY 6X6INCH (30X200G),69.9500 
SPRINGRPAST88,DOLL SPRING ROLL PASTRY 8.5X8.5INCH (30X400G),114.9000 
SPRINGRVEG,VEGETABLE SPRING ROLL SIZE (25GX40PCS) 10kg,50.9500 
SPRITECAN,SPRITE 32X355ML (ECOFEE 0.64 INCLUDED),21.6000 
SQD-006,SQUID T&T 4-6 (20X2.5 LBS) MANARA INDIA,274.7500 
SQD-007,SQUID T&TLOLIGO 4-6 (6X2.5LBS) ZALO MARROCO,74.8000 
SQD-011,SQUID TUBES - U10 - TODARODES - 2X 5 KG - AQUASEA - CHINA,116.9000 
SQD-013,CALAMAR CONGELE ENTIER NON NETTOYE - (20.046 LBS),0.0000 
SQD-019,SQUID TUBES - U10 - ILLEX - 2 X 5 KG- FJORD,126.6500 
SQD-020,LOLIGO SQUID T&T - FROZEN - (U10) - (30 LBS/CS),0.0000 
SQD-022,CALAMARI U10 T&T (6 X 4LBS) SUPER SEA THAI,224.8000 
SQD-035,SQUID U10 T&T (1X10 KG),198.8000 
SQD-036,SQUID 3/5 CLEANED T&T (20X2.5 LBS) - THAI,322.3000 
SQD-037,SQUID 5/8 T&T -BLUESEA- (6X4LBS)/CS - THAI,0.0000 
SQD-038,SQUID INK 500GRS - (18UNITS/CS),53.3000 
SQD-040,BREADED SQUID RINGS - FROZEN - 8 X 2 LB - FJORD,92.9500 
SQD-041,SQUID BREADED R&TMSC (12X340GRM) AQUASTAR,84.9000 
SQD-042,***do not use***,28.0000 
SQD-043,SQUID RINGS U/10 - IQF - (10 X 1 LB) - FJORD,74.9500 
SQD-045,SQUID BREADED R&T 10LBS,106.1500 
SQD-046,RED BOX (GIGAS) - SQUID TUBE - U10 - (2 X 5 KG) - TAIWAN,106.9000 
SQD-047,SQUID TUBE U10 - (1 X 22LBS) - ILLEX,118.8500 
SR20L,PAIL SWEET RELISH,63.7000 
SRIRSACH,SRIRACHA PORTION BAG / 700 X 7G ,50.2000 
SRISAU,HUY FONG - SRIRACHA HOT SAUCE / 12 X 28OZ,76.0500 
SSC1L,SWEET AND SPICY PICKLES CRINKLE - 12X1L,43.9500 
SSG-075,ITALIAN PORK SAUSAGE UNCOOKED (5KG) #80046,29.9500 
STAN711,STANISLAUS - 7/11 UNPEELED GROUND TOMATOES / 6 X 2.84L,49.9500 
STANALTA,STANISLAUS - ALTA CUCINA / WHOLE PEELED TOMATOES / 6 X 2.84L,52.5500 
STANFULL,STANISLAUS - FULL RED / TOMATO PASTE / 6 X 2.84L,71.0500 
STANFULLPUR,STANISLAUS - FULL RED / EXTRA HEAVY TOMATO PUREE / 6X2.84L,58.9000 
STANFULLR,STANISLAUS - FULL RED / CONCENTRATED TOMATOES CRUSHED / 6 X 2.84L ,44.9500 
STANIOLO,STANISLAUS - PIZZAIOLO SAUCE / 6 X 2.84L ,44.9500 
STANISLAUS,FULL RED - CALIFORNIA TOMATO PASTE / 6 X 2.84 L,84.7000 
STANMAGIC,STANISLAUS - MAGIC / PEELED GROUND TOMATOES / 6 X 2.84L ,48.9500 
STANPIZ,STANISLAUS - FULL RED / PIZZA SAUCE FULLY PREPARED / 6 X 2.84L ,44.9500 
STANVALO,STANISLAUS - VALOROSO / WHOLE PEELED PEAR TOMATOES / 6 X 2.84L,52.5500 
STAR,STARFRUIT (CASE),38.4500 
STARCHCORN,CORN STARCH 25KG,63.4500 
STARCHMODTAPIO,CHUANGS - MODIFIED TAPIOCA STARCH (20KG),99.9000 
STARCHPOT,POTATO STARCH / FECULE DE PATATE 50LBS,76.9000 
STBOL24,SUSHI TAXI - KRAFT BOWL D140 24 OZ (6 X 50UN),72.9500 
STEAKFLANK,FLANK STEAK AAA (KG),33.9000 
STEWCERISE,STEWARTS - SODA CERISE NOIRE (24X355ML),35.5000 
STEWROOT,STEWARTS - ROOT BEER RACINETTE (24X355ML),35.5000 
STLIDS24,SUSHI TAXI - LIDS FOR KRAFT BOWL 24 OZ (6 X 50UN),32.5500 
STOBIA8BASE,ALUMINIUM 8 INCH ROUND CONTAINERS (500UN),69.9000 
STOBIA9BASE,ALUMINIUM 9 INCH ROUND CONTAINERS (500 UN),67.9500 
STOBIAPLAT7,ALUMINIUM 7 INCH ROUND CONTAINERS (500UN),44.9500 
STRAW,STRAWBERRY ( 8 X 1 - FULL BOX ),35.0000 
STRAWHALF,( HALF CASE ) STRAWBERRY / ( 4 PACKS ),19.5500 
STRAWLOC,LOCAL QC STRAWBERRY (CASE),39.9500 
STRAWPCKCHOC,POCKY CHOCOLATE STRAWBERRY FLAVOUR / 10 X 51G,28.9500 
STRAWPCS,( PACK ) STRAWBERRY,6.0000 
STRAWPURE,FROZEN STRAWBERRY PUREE (6X1KG),89.8500 
STRAWS26,AGAVE STRAWS 26 CM INDIVIDUALLY WRAPPED (4X500UN),96.6500 
STRAWSAGBLK15,AGAVE COCKTAIL STRAWS - 8 INCH - 2500 UN,109.9000 
STRIPLOIN,STRIPLOINS AAA (KG),38.0000 
STRIPLOINA,STRIPLOIN A/ KG,29.7500 
STRIPTHUN,OLYMEL - CHICKEN STRIP BREADED THUNDER CRUNCH 4KG,66.9500 
STRIPUNGRAD,STRIPLOIN UNGRADED / KG,26.5000 
STTUBES,SUSHI TAXI - SUSHI POP (180 UN),314.7000 
STUFOLI,STUFFED OLIVES / 2 X 4L,59.9500 
STW-001,INDIVIDUAL WHITE PAPER STRAW 7.75 (6X500UN),39.9000 
STW-002,WHITE PAPER DRINKING STRAW 7.75 / 6X500PC,31.5000 
SUAVCOC,SUAVE COCKTAIL NAPKIN 1PLY 20X200UN,26.5500 
SUAVE7184,SUAVE MPFJDN 07184 - 18X500 DISPENSER NAPKIN / POUR DISTRIBUTRICE JUNIOIR,45.9500 
SUAVEROLL,JUMBO TOILET PAPER ROLL (8 UNITS),21.9500 
SUB10,10 INCH SUBMARINE BREAD (7110) (8X6PCS),56.7000 
SUBPLASBOX,SUBMARINE PLASTIC TAKE-OUT CONTAINER (150UN),48.9500 
SUCREGLAC,RED PATH - ICING SUGAR - 1 X 1 KG,5.0000 
SUCRPLAN,SUCRE BRUN PLANTATION EN CUBE  12X500GR,43.9500 
SUGAR20,WHITE THIN SUGAR (20KG),31.9500 
SUGARDRKBROWN,DARK BROWN SUGAR (20KG),45.2500 
SUGARGOLDYEL,GOLDEN YELLOW SUGAR (20KG),38.0000 
SUGARPASTEPALM,EAGLE STAR -PALM SUGAR PASTE / 10 X 1KG,45.2500 
SUGARSACH,WHITE SUGAR PACKETS (2000 UN),26.3000 
SUGARSNAP,SUGAR SNAP (10LBS),48.8500 
SUMAC,SUMAC (550G),10.0000 
SUNFLOWSEED,SUNFLOWER SEEDS / 2KG,8.1000 
SUNMED6,FRUIT SALAD COCKTAIL - 6 X 2.84L,109.9000 
SUPGARFF,(00050) JERSEY SHORE FRIES,37.0500 
SUPP,SUPPORT FOR PIZZA BOX WHITE (1000UN),28.5000 
SUSHIGWHITE,WHITE MARINATED GINGER SUSHI (25LBS),42.9500 
SUSHIRCGOZ,GOZEN - SUSHI SHORT GRAIN RICE (50LBS),53.9500 
SUSHIRCGRAIN,SHORT GRAIN SUSHI RICE (6X3KG),49.9000 
SUSHIRCNISHI,NISHIKI MUSENMAI - SUSHI RICE (50LBS),72.9500 
SVKBAG,SVLAKI BAR TSHIRT BAG BLUE(14X9X14),102.0000 
SVKBAKL,FROZEN BAKLAVA 2.5KG,26.9500 
SVKDILL,SVLAKI BAR DILL DRESSING PAIL 15L,101.5500 
SVKFETA,PETROS FETA (10KG),121.4000 
SVKFF,(00050) JERSEY SHORE FRIES,39.0500 
SVKFORK,(EM-160F) WOODEN FORKS,25.5500 
SVKGL,BLUE NITRIL GLOVE - LARGE,62.7000 
SVKGXL,BLUE NITRIL GLOVE - EXTRA LARGE,62.7000 
SVKKNIVES,(EM-165K) WOODEN KNIVES,29.7500 
SVKKOP,SOUVLAKI BAR KOPANISTI (5KG),81.5500 
SVKMM,SOULVLAKI BAR MUSTARD MAYO SAUCE,97.5000 
SVKMS,SOUVLAKI BAR MILD SAUCE,102.5500 
SVKOLIV,LARGE KALAMATA OLIVES,53.9000 
SVKOLIVOIL,TERRA MIA VIRGIN OLIVE OIL,95.7000 
SVKPAPS,SMALL WRAPPING PAPER,64.5000 
SVKPBAGL,(M490) SVKBAR PAPER BAGS 13X7X13,56.7000 
SVKPITA,KOLIOS FROZEN CLASSIC PITA 6inch,42.3000 
SVKPITA5,5 KOLIOS PITA BREAD,43.7500 
SVKSPITRI,(#158) SPINACH & FETA TRIANGLES ALFA (40X230 GR),62.0500 
SVKTZA,SVK TZATZIKI BOX (3X5KG),123.8500 
SWD-001F,SEAWEED - FRESH - (30 LBS/BAG) - (NOT FOR HUMAN CONSUMPTION),0.0000 
SWD-002,FRESH SWORDFISH LOINS - USA,0.0000 
SWEETREL,SWEET RELISH 3.78L,20.0000 
SWF-001,5-8LBS SWORDFISH LOINS (1X30LBS) SPAIN..,0.0000 
SWF-002,ESPADON LONGE 3-5LBS IVP - (1X15LBS) - VT,173.1000 
SWF-006F*,SWORDFISH LOIN - FRESH,16.7500 
SWF-007W,SWORDFISH FRESH HG 30/49 LBS - CANADA,0.0000 
SWF-014W,SWORDFISH - FRESH - (H&G) - (70/89 LBS/PC),0.0000 
SWISSCHAR,BIG BOX (24) SWISS CHARD,36.4000 
SWISSCHARSM,SMALL BOX (12) SWISS CHARD,49.9500 
SWSL,SUB - WHITE SWISS STYLE CHEESE SLICES 2KG,26.9500 
TABASCO350,TABASCO (12 X 350 ML),109.9000 
TABLESYR,PEARL MILLING - TABLE SYRUP / 3.78 L,20.0000 
TAHINI907,KRINOS - TAHINI (750ML),13.0000 
TAHINKAN,TAHINI (AL KANATER BRAND) 18KG,148.8500 
TAJIN,TAJIN SEASONING (12 X 14OZ),117.9000 
TAK-010,TAKOYAKI JUMBO 4X1.35KG,61.7000 
TAMAGO,ATSUYAKI TAMAGO / 8 X 500G,51.2000 
TAMARIGF,TAMARI SOY SAUCE - GLITEN FREE 1.89L,34.5000 
TAMARPASTE,TAMARIND PASTE / 75 X 200G,133.0000 
TAMPCHAUD,POT AND PAN PAD (20UN),18.9500 
TAPFLAKE,TAPIOCA FLAKES PACK,10.0000 
TAPIPEARL63,TAPIOCA PEARL PREMIUM (6X3KG),91.6500 
TAPISTARCH,TAPIOCA STARCH / 30 X 400G,39.9000 
TAPPEARL,TAPIOCA PEARL (GREEN) / 24 X 400G,49.9500 
TAQ,VELOZ - TAQUITOS (20X1KG),61.2000 
TAR,BOX TARRAGON (6 CLAMSHELLS),15.0000 
TARAMA,TARAMAS (CARDINAL DU NORD),0.0000 
TAROOT,TARO ROOT 40LBS,87.4500 
TAROOTHALF,( HALF / DEMI ) TARO   =20LBS,44.6000 
TAROOTPCS,LBS TARO ROOTS,2.5000 
TARPCS,PACK TARRAGON,4.2000 
TARTCACAO,MINI ROUND TARTELET CACAO 40MM (245 UNITS),133.8500 
TARTCARR,MINI SWEET SQUARE TARTELET 100% BUTTER (245 UNITS),139.8500 
TARTCASSE,MINI SAVORY CASSEROLE TARTLET (256 UNITS),119.9000 
TARTPRESTIGE,ROUND MINI PRESTIGE TART - 245 UNIT,164.8000 
TARTREG,MINI SWEET RECTANGULAR TARTELET 100% (245 UNITS),144.8500 
TARTRONDE,MINI ROUND TARTELET SALTED 38MM (240 UNITS),112.9000 
TARTROUND80MM,LARGE TART ROUND 80MM (108 UNIT),124.9000 
TATER3/8,MCCAIN (404432) TATERCHEF 3/8,45.7000 
TATER9/32,MCCAIN (2492) TATERCHEF 9/32,51.5000 
TBK-003,TOBIKO BLACK (500GR),0.0000 
TDCMOUSSE,CHOCOLATE MOUSSE - TOP DESSERT / 24 X 95G,51.9500 
TEAGREENPOCKPCS,POCKY GREEN TEA /10 X 70G,26.9500 
TEMPURATENDAMA,GOLDEN SEA - TENDAMA TEMPURA TENKASU (6X1KG),69.9500 
TERIYAKISHI,TERIYAKI GLAZE (6 X 2.23KG),114.9000 
TERTRIO,TERRIFIC TRIO POTATOES 16 X 1.5LBS,59.7000 
TH0-006,ALBACORE TUNA LOIN (1X25LBS),0.0000 
TH0-030,Albacore Longe de Thon 3-5 lbs - 1x30 lbs,399.6500 
THAIBASIL,THAI BASIL / BASILIC THAI / 500G,28.0000 
THAIDRIE,THAI DRIED CHILI XL BOX (30 X 400G),218.8000 
THAIEGGPL,THAI EGG PLANT (KG),12.0000 
THAIMACK,STEAMED THAI MACKEREL FROZEN 200G,10.7000 
THAIPAR,THAI PARSLEY 100G,4.5000 
THAIUNIT,THAI DRIED CHILI UNIT (400G),9.5000 
THO-001F,YELLOWFIN -  FRESH TUNA LOIN - SUSHI GRADE,23.9500 
THO-006,ALBACORE TUNA LOIN - 1-3LBS - (1X25LBS),0.0000 
THO-006F,BLUEFIN TUNA - FRESH - LOIN - AUSTRALIA,0.0000 
THO-007,YF TUNA STEAK - FROZEN - (6OZ) - (10LBS/CS) KRIMSON,109.9000 
THO-008,THON STEAK AA 8oz IVP (1x10LBS) - YF,97.9000 
THO-011,GROUND TUNA - (15 X 1 LB) - SEA DELIGHT,52.9500 
THO-012,GROUND TUNA - (10 X 1 LB) - SHIRAKIKU,74.9500 
THO-019,TUNA LOIN - 1 X 15 LB - REEL,131.8500 
THO-023,TUNA SAKU AAA 8OZ - (1 X 10LBS) - KRIMSON,171.7500 
THO-025,TUNA SAKU AAA - 8 OZ - 1 X 10 LB - REEL,147.9000 
THO-029,Tataki de thon -1X 6lbs- Anova,162.8500 
THO-030,YELLOWFIN TUNA LOIN 3-5 OZ - (1 X 30 LB),364.6500 
THO-031,Thon Steak 6oz- 1X10lbs - Unimundo,112.9000 
THO-032,TUNA STEAK 8OZ - 1 X 10LBS - NUSA,89.9000 
THO-101,KRIMSON - TUNA CUBES POKE (15LBS),147.6500 
THO-102,TUNA POKE CUBES 1.5 CM - 1 X 15 LB - REEL,147.9000 
THONCAN,TUNA IN CAN 24X170GR,48.9500 
THYME,BOX THYME,17.2000 
THYMELEAVES,THYME LEAVES (650G),11.5000 
THYMEPCS,( PACK ) FRESH THYME,2.2500 
THYMGR,THYME GROUNDED 375G,11.2500 
TIDBITANA,NATURES TASTE PINEAPPLE - ANANAS EN MORCEAUX  2.84 L,36.0000 
TIL-002,7-9 TILAPIA FROZEN - 10LBS/CS,0.0000 
TIL-002F,TILAPIA FILLETS - 7-9 OZ - 10LBS/CS- BRAZIL,92.4500 
TIL-003,TILAPIA FILLETS - 5-7 OZ - (1 X 10 LB) - BLUETIDE,44.9500 
TIL-003F,Filet de Tilapia 7-9 oz - (10lbs/cs)-Colombie,99.9000 
TIL-004,TILAPIA WHOLE 1000GR (40LBS) FROZEN / BRASIL,0.0000 
TIL-004F,TILAPIA - FRESH - FILLETS - 10LBS/CS,0.0000 
TIL-008,Tilapia Entier 1000 grs - 1 X 40lbs - Brésil,108.9000 
TIL-009,TILAPIA FILLETS 7-9 OZ 1X10 INDONESIA,44.9500 
TIL-010,TILAPIA LOINS 3-5 OZ 1X10LB INDONESIA,44.9500 
TIL-012,TILAPIA FILLETS - 7/9 OZ - (1 X 10LB) - OCEANIC,43.9500 
TIL-013,TILAPIA FILLET 7-9 OZ - 1 X 10 LB - BLUETIDE,47.5000 
TOBIKOBLK,BLACK TOBIKO (500G),28.2500 
TOBIRED500,TOBIKO EIWA WINE RED / 500G,30.2500 
TOBIREDGFUNIT,FLYING FISH ROE TOBIKO RED 500G GLUTEN FREE - SHIRAKIKU,31.9500 
TOFU,FIRM TOFU NATURE UNISOYA ( 12X454G ),33.4500 
TOFUFINEHERBS,TOFU FINES HERBES (12X454G),29.5500 
TOFUFIRMPCS,( PCS ) 454G FIRM TOFU NATURE UNISOYA,3.5500 
TOFURED,FERMENTED RED TOFU / 12 X 340GR,39.9500 
TOFUSFTWAT,TOFU SOFT IN WATER,38.7000 
TOFUSOFT,**MEDIUM SOFT** NATURE TOFU (12X454G),32.5000 
TOFUSUNRISE,SOFT TOFU NATURE / 12 X 454G,36.7000 
TOM,TOMATOES 6X6,37.5000 
TOM5X6,5X6 TOMATOES (25LBS),37.5000 
TOM6X6HALF,( HALF / DEMI ) TOMATOES 6X6 25LBS,18.9500 
TOMATEDES,STONEY CREEK - DICED TOMATOES / 2.84 L,10.7500 
TOMATILLO,TOMATIILOS (35LBS),46.9000 
TOMATILLOCAN,LA COSTENA - TOMATILLOS IN CANS / 6 X 2.84L,74.9500 
TOMBELLA,BELLA COCKTAIL TOMATO 8x341,36.3000 
TOMCHER,CHERRY TOMATOES (12 PACK),32.9500 
TOMCHERPCS,PACK* CHERRY TOMATOES,3.5000 
TOMCHERVINE,CHERRY TOMATO ON VINES (8LBS),37.5000 
TOMCRUSH,STONEY CREEK - CRUSHED TOMATOES / 6 X 2.84L,39.9500 
TOMDEM,DEMERS - HYDRO TOMATOES 15LBS,36.4500 
TOMGRP,GRAPE TOMATOES (12 PACKS),32.0000 
TOMGRPMEDPCS,PACK* MEDLEY *** TOMATOES,3.3500 
TOMGRPPCS,PACK* GRAPE TOMATOES,4.0000 
TOMHERLM,HEIRLOOM TOMATO (CASE),31.9000 
TOMHYDRO,HYDRO TOMATOES (15LBS),32.0000 
TOMHYDROUN,LBS HYDRO TOMATO,2.8000 
TOMKUMAT,KUMATO TOMATOES,45.6000 
TOMLBS,LBS TOMATOES (FROM 6X6),1.8500 
TOMMED,MEDLEY TOMATOES (12X),27.2000 
TOMPASTE,STONEY CREEK - TOMATO PASTE / 6 X 2.84L,69.9500 
TOMPCS,PCS TOMATOES,0.7500 
TOMPEELBIANCO,BIANCO DI NAPOLI - WHOLE PEELED TOMATOES 6X100OZ,77.9500 
TOMPETITAL,TOMATO PETIT ITALIEN DEMERS ( 9X1LBS ),36.0000 
TOMQC,BOX TOMATE 6X7 25LBS,45.4500 
TOMROMA,ROMA TOMATO 25 LBS,36.0000 
TOMROMAHALF,( HALF / DEMI ) ROMA TOMATOES = 12.5 LBS,18.0000 
TOMROMALBS,LBS ROMA TOMATOES,1.7500 
TOMROSWHL,ROSSO - WHOLE PEELED TOMATOES / 6 X 100OZ,47.5000 
TOMSAG,SAGAMI HYDRO TOMATO 15LBS,49.4500 
TOMSAUCE,PRIMO - TOMATO SAUCE (6 X 2.84L),62.9500 
TOMSAV,SAVOURA TOMATO HYDRO 15LBS,51.7000 
TOMSUN,BOX SUNDRIED TOMATOES 4X2.5KG,122.9000 
TOMVINE,VINE TOMATOES (CASES),29.5000 
TOMYUM454,TOMYUM - SOUR PASTE / 454G,5.9500 
TONISPARK,PIZZA TONI SPARKLING WATER,0.0000 
TONIWAT,PIZZA TONI FLAT WATER,0.0000 
TOPI20,TOPINAMBOUR (20LBS),50.9500 
TORSALAMI,TORPEDO SALAMI / KG,17.5000 
TORTCHIP,TORTILLA CHIPS 908G,8.0000 
TORTIBLU,VELOZ - BLUE TORTILLA (24X1KG),69.4000 
TORTILLABLEENT,WHOLE WHEAT TORITLLA / 10X,4.2500 
TORTIREG,VELOZ - YELLOW CORN TORTILLA 6 INCH (24X1KG),69.4000 
TORTY277,TORTILLA BLE ENTIER 3X10 12PO,15.9500 
TORTYCUT,OLE MEXICAN FOODS - (2706) YELLOW CHIP UNFRIED 6 CUT (30LBS),54.9500 
TOUPIEHAM,TOUPIE HAM (APPROX 3.5KG),41.9500 
TPASTE,STONEY CREEK TOMATO PASTE 24 X 369ML,50.9500 
TRADBACON,SALAMINA - (7030) MONTREAL TRADITIONAL BACON (5KG),79.9500 
TRANSP,TRANSPORT,0.0000 
TRANSQC,TRANSPORT FROZEN CAKES (PALLET) FOR QUEBEC,0.0000 
TRATSPAG,TRATTORIA - SPAGUETTI SAUCE / 6 X 2.84L,49.9500 
TRIMBAVETTEAAA,TRIMMED BAVETTE AAA (KG),49.9000 
TRU-003F,STEELHEAD TROUT FILLET - CATCH WEIGHT - CAN,12.1000 
TRU-006F,TROOT - RAINBOW - FRESH - (5-6OZ) - 10LBS/CS,0.0000 
TRU-007,TROUT RAINBOW FILLETS  6/7 OZ 4X5LB OCEANIC,239.6000 
TRU-008F,TROOT - CANADIA SEA - 3.5LBS- (1X50LBS)-CAN,0.0000 
TRU-009F,TROOT - BOBINE - (2-3LBS) - WHOLE- CW- QC,0.0000 
TRU-011F,TROOT - WILD LAKE - (2-4LBS)- 1X10LBS- CAN,0.0000 
TRU-012F,TROOT - WILD LAKE - (5-8LBS)- 1X50LBS - CAN,0.0000 
TRU-013F,TRUITE ENTIERE FRAIS (4-6 LBS) CAN,342.7000 
TRU-014F,FRESH WHOLE TROUT (1-2 LBS) - CAN,7.5000 
TRUFSAUCE,TRUFFLE SAUCE (500G),28.9500 
TUCKHING,TUCK HING - CHOW MEIN NOODLES LARGE / 400G,3.5500 
TUNA48,PASTENE - TUNA IN VEGETABLE OIL (48 X 99G),59.9500 
TUNAOIL,PASTENE- TUNA IN VEGATABLE OIL 8X99G,14.4500 
TUR-006,Turbot Filet 8-16oz - 3 x 15lbs - Sea ray,586.4500 
TURMERIC,TURMERIC,138.0500 
TURMGRND,GROUND TURMERIC (2KG),13.7500 
TURN,TURNIPS 40LBS,18.5000 
TURNHALF,( HALF / DEMI ) TURNIPS / RABIOLE,9.5000 
TURNPCS,PCS TURNIPS,0.8500 
TZATZIKI10KG,LARGE TZATZIKI (10KG),98.4000 
TZATZIKI15KG,TZATZIKI / 15KG,124.9000 
TZATZIKI5KG,SMALL TZATZIKI (5KG),56.9500 
UNITPURFRUIT,FROZEN PASSION FRUIT PUREE / 1 KG,20.0000 
USAEGGS,*** USA *** EGGS LARGE / OEUF LARGE (ORIGINE ETATS-UNIS) / 15 DOUZ.,56.7000 
V8,V8 - VEGETABLE DRINK (36 X 146ML),23.0000 
VANEX,VANILLA EXTRACT 473ML,18.9500 
VANEXTRACTDRK,DARK VANILA EXTRACT (4L),35.0500 
VEAL-010,VEAL MINCED FROZEN (KG),12.0000 
VEAL-020,VEAL MINCED LEAN** FROZEN (KG),15.7000 
VEAL-030,VEAL HIND SHANK MILK FED FROZEN (KG),15.7000 
VEAL-040,VEAL SHANK GRAIN FED FROZEN (KG),18.9500 
VEGBASE,VEGETABLE SOUP BASE / 4KG,57.9500 
VEGBROTHT,AURORA - VEGETABLE BOUILLON MIX TABLETS / 24 X 66G,44.9500 
VEGEOIL,VEGETABLE OIL (16L),45.4500 
VEGJUICE,VEGETABLE JUICE 1.89L,7.0000 
VEGSHORT,LIQUID SHORTENING (16L),66.0500 
VEL22,VEL022 (500PCS),74.9500 
VEL93,VEL093 (240 PCS),85.9500 
VELGUA,VELA JUICE - GUAVA / 24X350ML,0.0000 
VELMANG,VELA JUICE - MANGO / 24X350ML,0.0000 
VELMULTI,VELA JUICE - MULTI FRUITS / 24X350ML,0.0000 
VELSTRAWB,VELA JUICE - STRAWBERRY & BANANA / 24X350ML,0.0000 
VHSOYA,VH LIGHT SOYA / 380ML,8.0000 
VIAUMEDPEP,***DO NOT USEE*****,169.6000 
VIAUPEP325,**DO NOT USE***,261.3000 
VIGNEL,YERGAT - GRAPE LEAF / FEUILLE DE VIGNE / 11.34KG,216.8000 
VINELEAF,ONASSIS STUFFED VINE LEAVES (24X280GR),76.9000 
VITALITE, VITALITE - DAIRY FREE MOZZARELLA SHRED / 2KG,33.0000 
VIV-001F,SNAPPER FRESH WHOLE (1-2LBS),14.0000 
VIV-004,RED SNAPPER FILLET 6/8 OZ - 1 X 10 LBS - IND,157.8500 
VIV-008F,Vivanneau Americain 2-4 CW- USA,16.6000 
VIV-009F,FRESH RED SNAPPER- CW- BC,7.4000 
VIV-012,VIVANEAU SNAPPER ENTIER 1-1.5LBS-VEN,0.0000 
VIV-013,VIVANEAU SNAPPER ENTIER 2/3LBS-VEN,10.0000 
VIV-014,VIVANEAU SNAPPER ROUGE ENTIER 1/2-3/4LBS-VEN,8.9500 
VIV-014F,VIVANNEAU PAPILLON 15-20OZ- CW (BUTTERFLY,0.0000 
VIV-015,VIVANEAU DE VOIE 3/4-1 LBS- VEN,7.2500 
VIV-016,VIVANEAU ROUGE ENTIER DES CARAIBES 1-2LBS-VEN,7.2500 
VIV-018,VIVANEAU DES CARAIBES PANEES (1X20LBS)-VEN,7.2500 
VIV-101,JAUNE VIVANEAU SNAPPER ENTIER 2-3LBS-VEN,7.6500 
VIV-102,JAUNE VIVANEAU SNAPPER ENTIER 1-1.5LBS-VEN,7.7500 
VIV-103,VIVANEAU ENTIER A QUEUE JAUNE 3UP-VEN,5.4000 
VIV-106,JAUNE VIVANEAU SNAPER 1-2LBS-VEN,7.2500 
VIV-12F,VIVANNEAU PAPILLON 11-14OZ- CW (BUTTERFLY,7.7500 
VLITA,VLITA,25.4500 
VNGCIDER,APPLE CIDER VINEGAR (2 X 5L),25.0000 
VNGFUKI,VINEGAR FUJI SEASONING / 15L,52.9500 
VNGMD43,VINEGAR MD-43 / 15L,79.9500 
VNGR,WHITE VINEGAR (6X4LBS),21.7500 
VNGREDWINE,RED WINE VINEGAR (2 X 5L),25.0000 
VNGSD51,VINEGAR SD-51 / 15L,82.7000 
VNGSHIRAGIKU,HARUKOMA - VINEGAR MIZKAN - JAPAN / 20L,76.4500 
VNGSUSHIRICESM,MARUKAN - SUSHI RICE VINEGAR (3.78L),18.7000 
VNGWHITEWINE,WHITE *WINE* VINEGAR /  (2 X 5L),25.0000 
VRILLEDPMINI,(100G) PACK MINI VRILLES DE POIS ,14.5500 
VRRERAMEN,BUBBLE TEA CUPS - POKE RAMEN,184.8500 
WAFBELG,FROZEN BELGIAN WAFFLES (52X70G),51.9500 
WAH-001,LONGES DE WAHOO 1/3 LBS VEN,7.0000 
WAHAHAYOG,WAHAHA YOGURT / 40 X 100ML,28.9500 
WAHASD,WAHAHA DRINK (24X220G),23.9500 
WALNUTPIECES,HALF AND FULL WALNUTS PIECES / 2 KG,29.9500 
WATAQUAPN,ACQUA PANNA - GLASS BOTTLE TAP WATER (12X750ML),28.9500 
WATER,PCS WATERMELON,9.7500 
WATERCR,BIG BOX CRESSON WIT ICE (24PCS),49.9000 
WATERCRESS12,SMALL BOX CRESSON WITH ICE (X12),31.9500 
WATESKA35, ESKA - NATURAL SPRING WATER / 35 X 500ML (DEPOSIT/ECOFEE 3.85$ INCLUDED),13.2500 
WATEVIANGLS,EVIAN - NATURAL WATER INGLASS  / 12 X 750ML,36.4500 
WATPERRIERCAN,PERRIER - CARBONATED WATER IN CANS (24X330ML),26.9500 
WATPERRIERGLASS,PERRIER - CARBONATED. WATER IN GLASS BOTTLES  / 24 X 330ML,28.9500 
WATPOKEMNGR,POKEMON PICHU GREEN SPARK. WATER 24X330ML,48.9500 
WATPOKRMNPEA,POKEMON PEACH SPARKLING WATER 24X330ML,48.9500 
WATRAD,WATERMELON RADISH 10LBS,39.9000 
WAXBEANS,FROZEN WAX BEANS / 2 X 3.5KG,28.0000 
WAXPAPBLK,CHEKERED BLACK AND WHITE WAX PAPER LINER (2000UN),43.9500 
WHEATPEELED,PEELED WHEAT 10X907G,21.9500 
WHIPCREAM,KIRKLAND - WHIPPED CREAM (2X400G),14.9500 
WHIPTOP,RICHS - WHIP TOPPING (8L),26.9500 
WHITELB,WHITE LONG BEANS 10X907G,44.9500 
WHITESWAN,WHITE SWAN (08100) - NAPKINS POUR DISTRIBUTEUR (9000UN),46.9500 
WHITEVANILLA,VANILLE WHITE (1L),10.0000 
WHITEWINE20,WHITE COOKING WINE (20L),44.9000 
WHOLEBRISKET,WHOLE BRISKET AAA,0.0000 
WHOLECHIC,FRESH WHOLE CHICKEN MEDIUM / KG,11.5000 
WHTSUB,SUB - WHITE SWISS STYLE CHEESE SLICES 2X2KG,42.5000 
WINDEX,WINDEX 5.95L,22.5500 
WINGS2X2,DESCO- FROZEN **UNCOOKED** BBQ CHICKEN WINGS (2X2KG),38.9500 
WINGSCOOK,DESCO - FROZEN **COOKED** BBQ CHICKEN WINGS (2X2KG),59.9500 
WINGSGYO,WINGS - GYOZA WRAPPER ROUND (24X340G),83.9000 
WINTERMEL,WINTER MELON UNIT,52.9500 
WKM-004,WAKAME SEAWEED SALAD - ( 8 X 1KG),56.5000 
WOODFF,(4216) MCCAIN 7/16 DARK,41.2500 
WOWBUTTER,WOW BUTTER - CREAMY SOY BUTTER 500G,8.4500 
WRAPFR18,FREEZER WRAP 18INCH X 787FT,35.5000 
WRAPRES17,RESINITE - PLASTIC FOOD WRAP 17 PO X 2500 FT,30.9500 
WRAPWONT,FROZEN WONTON WRAPPER (220G),4.0000 
WWFLOUR,WHOLE WHEAT FLOUR / 2.5KG,12.0000 
XFINBEANS,FROZEN EXTRA FINE GREEN BEANS (10X1KG),43.7000 
Y500CUPS,WHITE PAPER CUPSFOR COLD DRINK / 22 OZ / 50UN,121.9000 
Y700,PLASTIC CLEAR CUPS 95-Y700 (1000UN),121.9000 
YAMADANOR,YAMADA - NORI GOLD FULL SHEET (4000 UNITS),660.4000 
YAMPCS,( PCS ) SWEET YAMS POTATO,1.9500 
YAMS,FRESH YAMS SWEET POTATO ( APPROX 30 POUNDS ),36.4500 
YAMSHALF,( HALF CASE ) SWEET YAMS POTATO / ( APPROX 15 POUNDS ),18.5500 
YAMSLBS,( POUND ) YAMS SWEET POTATO,1.1500 
YEAST,ACTIVE DRY YEAST (907G),12.0000 
YELLZUCC,YELLOW ZUCCHINI (CASE),45.4500 
YELLZUCCLBS,LBS YELLOW ZUCCHINI,2.7500 
YOG325,YOGOURT NATURE 3.25% 750G,5.5500 
YOGNAT3,YOGOURT NATURE 3.5KG,26.7000 
YOGPLAIN2X975,RIVIERA - PLAIN YOGOURT (2 X 975G),13.0000 
YOGURT10KG,YOGURT (10KG),90.4000 
YOGURT5KG,SMALL YOGURT (5KG),53.9500 
YOGURTVANIL,YOGOURT VANILLE 2KG  IOGO,14.2500 
YONISPARK,FALAFEL YONI SPARKLING WATER,0.0000 
YONIWAT,FALAFEL YONI FLAT WATER,0.0000 
YUCCA,YUCCA POTATO,74.7000 
YUCHOY,FRESH Yu Choy 25LBS,64.2000 
YUPIK,PECANE HALVES (1KG),20.0000 
ZABSTRIPS,ZABIHA HALAL - CHICKEN STRIPS BACON STYLE / 375G,12.9500 
ZAGGAS750,ZAGORI CARBONATED WATER GLASS BOTTLE (12X750ML),34.9500 
ZARRA 3/8,ZARRA - *3/8* STRAIGHT CUT FRENCH FRIES (6X5LBS),31.5500 
ZARRA7/16,ZARRA - 7/16 STRAIGHT CUT FRENCH FRIES (6X5LBS),31.5500 
ZATCED,CEDAR ZAATAR BALADY / 25X454G,168.8500 
ZINGER,(64399) ZINGERS BREADED CHICKEN WINGS,67.9500 
ZOUKGLEN,7/16 ZARRA,31.5500 
ZUCC,GREEN ZUCCHINI (CASE),22.5000 
ZUCCGREY,GREY ZUCCHINI,51.4500 
ZUCCHALF,( HALF / DEMI ) ZUCCHINI,11.4500 
ZUCCLBS,LBS GREEN ZUCCHINI,1.5500 
ZUCCPCS,PCS ZUCCHINI,1.0500 
ZUCCSTICK,MCCAIN - BATTERED ZUCCHINI STICKS (5LBS),25.2000 
Generated On: 2026-08-03,,
